,Survived,Pclass,Age,Fare,Family_Size,Deck,Embarked_C,Embarked_Q,Embarked_S,Sex_female,Sex_male,Title_Master,Title_Miss,Title_Mr,Title_Mrs,Title_Noble,Title_Officer
0,0,3,-0.587001380948599,-0.5642134490661381,0.0565430565977351,-4,0,0,1,0,1,0,0,1,0,0,0
1,1,1,0.6450911347672331,0.9916650085006242,0.0565430565977351,1,1,0,0,1,0,0,0,0,1,0,0
2,1,3,-0.278978252019641,-0.5478123271677264,-0.5619402538416878,-4,0,0,1,1,0,0,1,0,0,0,0
3,1,1,0.4140737880705146,0.5498479421074554,0.0565430565977351,1,0,0,1,1,0,0,0,0,1,0,0
4,0,3,0.4140737880705146,-0.5447750823717243,-0.5619402538416878,-4,0,0,1,0,1,0,0,1,0,0,0
5,0,3,0.0014839450466178506,-0.5348542259700629,-0.5619402538416878,-4,0,1,0,0,1,0,0,1,0,0,0
6,0,1,1.8771836504830652,0.5197792186270338,-0.5619402538416878,-1,0,0,1,0,1,0,0,1,0,0,0
7,0,3,-2.1271170255933893,-0.22829417462829896,1.9119929879160036,-4,0,0,1,0,1,1,0,0,0,0,0
8,1,3,-0.2019724697874015,-0.46985718733561654,0.6750263670371579,-4,0,0,1,1,0,0,0,0,1,0,0
9,1,2,-1.203047638806515,-0.009714600741288892,0.0565430565977351,-4,1,0,0,1,0,0,0,0,1,0,0
10,1,3,-1.9731054611289103,-0.33459774248837465,0.6750263670371579,-3,0,0,1,1,0,0,1,0,0,0,0
11,1,1,2.1852067794120233,-0.09526285256340417,-0.5619402538416878,1,0,0,1,1,0,0,1,0,0,0,0
12,0,3,-0.741012945413078,-0.5447750823717243,-0.5619402538416878,-4,0,0,1,0,1,0,0,1,0,0,0
13,0,3,0.7220969169994726,0.01954500072547755,3.1489596087948493,-4,0,0,1,0,1,0,0,1,0,0,0
14,0,3,-1.203047638806515,-0.5495326226201822,-0.5619402538416878,-4,0,0,1,1,0,0,1,0,0,0,0
15,1,2,1.9541894327153047,-0.35160631334598674,-0.5619402538416878,-4,0,0,1,1,0,0,0,0,1,0,0
16,0,3,-2.1271170255933893,-0.03269560976575962,2.5304762983554263,-4,0,1,0,0,1,1,0,0,0,0,0
17,1,2,0.0014839450466178506,-0.4245001884500387,-0.5619402538416878,-4,0,0,1,0,1,0,0,1,0,0,0
18,0,3,0.10605065914155655,-0.30301039660995216,0.0565430565977351,-4,0,0,1,1,0,0,0,0,1,0,0
19,1,3,0.0014839450466178506,-0.5648208980253386,-0.5619402538416878,-4,1,0,0,1,0,0,0,0,1,0,0
20,0,2,0.4140737880705146,-0.1086267296658137,-0.5619402538416878,-4,0,0,1,0,1,0,0,1,0,0,0
21,1,2,0.33706800583827506,-0.4245001884500387,-0.5619402538416878,0,0,0,1,0,1,0,0,1,0,0,0
22,1,3,-1.1260418565742756,-0.5452804799057791,-0.5619402538416878,-4,0,1,0,1,0,0,1,0,0,0,0
23,1,1,-0.12496668755516198,0.1222038748303507,-0.5619402538416878,3,0,0,1,0,1,0,0,1,0,0,0
24,0,3,-1.6650823321999522,-0.22829417462829896,1.9119929879160036,-4,0,0,1,1,0,0,1,0,0,0,0
25,1,3,0.6450911347672331,0.022278521041879516,3.1489596087948493,-4,0,0,1,1,0,0,0,0,1,0,0
26,0,3,0.0014839450466178506,-0.5648208980253386,-0.5619402538416878,-4,1,0,0,0,1,0,0,1,0,0,0
27,0,1,-0.8180187276453176,5.649989403554288,2.5304762983554263,1,0,0,1,0,1,0,0,1,0,0,0
28,1,3,0.0014839450466178506,-0.5489251736609817,-0.5619402538416878,-4,0,1,0,1,0,0,1,0,0,0,0
29,0,3,0.0014839450466178506,-0.5485218275520726,-0.5619402538416878,-4,0,0,1,0,1,0,0,1,0,0,0
30,0,1,0.7991026992317121,-0.06681480290612951,-0.5619402538416878,-4,1,0,0,0,1,0,0,0,0,1,0
31,1,1,0.0014839450466178506,2.8197826512143265,0.0565430565977351,2,1,0,0,1,0,0,0,0,1,0,0
32,1,3,0.0014839450466178506,-0.5520644698821295,-0.5619402538416878,-4,0,1,0,1,0,0,1,0,0,0,0
33,0,2,2.801253037269939,-0.48524508437008196,-0.5619402538416878,-4,0,0,1,0,1,0,0,1,0,0,0
34,0,1,-0.12496668755516198,1.2562090302324127,0.0565430565977351,-4,1,0,0,0,1,0,0,1,0,0,0
35,0,1,0.9531142636961911,0.5231201879026363,0.0565430565977351,-4,0,0,1,0,1,0,0,1,0,0,0
36,1,3,0.0014839450466178506,-0.564718846600193,-0.5619402538416878,-4,1,0,0,0,1,0,0,1,0,0,0
37,0,3,-0.6640071631808385,-0.5447750823717243,-0.5619402538416878,-4,0,0,1,0,1,0,0,1,0,0,0
38,0,3,-0.8950245098775571,-0.30301039660995216,0.6750263670371579,-4,0,0,1,1,0,0,1,0,0,0,0
39,1,3,-1.203047638806515,-0.4672232886485235,0.0565430565977351,-4,1,0,0,1,0,0,1,0,0,0,0
40,0,3,0.7991026992317121,-0.5101504916972998,0.0565430565977351,-4,0,0,1,1,0,0,0,0,1,0,0
41,0,2,-0.2019724697874015,-0.23011652150590023,0.0565430565977351,-4,0,0,1,1,0,0,0,0,1,0,0
42,0,3,0.0014839450466178506,-0.5485218275520726,-0.5619402538416878,-4,1,0,0,0,1,0,0,1,0,0,0
43,1,2,-2.0501112433611497,0.2699160233412015,1.2935096774765809,-4,1,0,0,1,0,0,1,0,0,0,0
44,1,3,-0.8180187276453176,-0.5489251736609817,-0.5619402538416878,-4,0,1,0,1,0,0,1,0,0,0,0
45,0,3,0.0014839450466178506,-0.5447750823717243,-0.5619402538416878,-4,0,0,1,0,1,0,0,1,0,0,0
46,0,3,0.0014839450466178506,-0.3637552925299954,0.0565430565977351,-4,0,1,0,0,1,0,0,1,0,0,0
47,1,3,0.0014839450466178506,-0.5520644698821295,-0.5619402538416878,-4,0,1,0,1,0,0,1,0,0,0,0
48,0,3,0.0014839450466178506,-0.21361334818234284,0.6750263670371579,-4,1,0,0,0,1,0,0,1,0,0,0
49,0,3,-0.8950245098775571,-0.3078699882835556,0.0565430565977351,-4,0,0,1,1,0,0,0,0,1,0,0
50,0,3,-1.7420881144321916,0.22395157549642317,2.5304762983554263,-4,0,0,1,0,1,1,0,0,0,0,0
51,0,3,-0.6640071631808385,-0.5508495719637286,-0.5619402538416878,-4,0,0,1,0,1,0,0,1,0,0,0
52,1,1,1.4921547393218677,1.1239892599770098,0.0565430565977351,0,1,0,0,1,0,0,0,0,1,0,0
53,1,2,-0.04796090532292247,-0.1086267296658137,0.0565430565977351,-4,0,0,1,1,0,0,0,0,1,0,0
54,0,1,2.7242472550377,0.7655943740487545,0.0565430565977351,2,1,0,0,0,1,0,0,1,0,0,0
55,1,1,0.0014839450466178506,0.1222038748303507,-0.5619402538416878,1,0,0,1,0,1,0,0,1,0,0,0
56,1,2,-0.6640071631808385,-0.48524508437008196,-0.5619402538416878,-4,0,0,1,1,0,0,1,0,0,0,0
57,0,3,-0.08646379643904223,-0.564718846600193,-0.5619402538416878,-4,1,0,0,0,1,0,0,1,0,0,0
58,1,2,-1.8960996788966706,-0.06610530252178341,1.2935096774765809,-4,0,0,1,1,0,0,1,0,0,0,0
59,0,3,-1.4340649855032337,0.39920060022574794,3.7674429192342718,-4,0,0,1,0,1,1,0,0,0,0,0
60,0,3,-0.587001380948599,-0.564718846600193,-0.5619402538416878,-4,1,0,0,0,1,0,0,1,0,0,0
62,0,1,1.1841316103929096,1.2878984275359806,0.0565430565977351,1,0,0,1,0,1,0,0,1,0,0,0
63,0,3,-1.9731054611289103,-0.062460608766580855,2.5304762983554263,-4,0,0,1,0,1,1,0,0,0,0,0
64,0,1,0.0014839450466178506,-0.06681480290612951,-0.5619402538416878,-4,1,0,0,0,1,0,0,1,0,0,0
65,1,3,0.0014839450466178506,-0.36993183354714543,0.6750263670371579,-4,1,0,0,0,1,1,0,0,0,0,0
66,1,2,-0.04796090532292247,-0.48524508437008196,-0.5619402538416878,-2,0,0,1,1,0,0,0,0,1,0,0
67,0,3,-0.8180187276453176,-0.542143613480468,-0.5619402538416878,-4,0,0,1,0,1,0,0,1,0,0,0
68,1,3,-0.9720302921097965,-0.5478123271677264,3.1489596087948493,-4,0,0,1,1,0,0,1,0,0,0,0
69,0,3,-0.278978252019641,-0.5298925828713138,0.6750263670371579,-4,0,0,1,0,1,0,0,1,0,0,0
70,0,2,0.18305644137379606,-0.48524508437008196,-0.5619402538416878,-4,0,0,1,0,1,0,0,1,0,0,0
71,0,3,-1.0490360743420362,0.39920060022574794,3.7674429192342718,-4,0,0,1,1,0,0,1,0,0,0,0
72,0,2,-0.6640071631808385,1.0455262928150082,-0.5619402538416878,-4,0,0,1,0,1,0,0,1,0,0,0
73,0,3,-0.278978252019641,-0.3891660973912679,0.0565430565977351,-4,1,0,0,0,1,0,0,1,0,0,0
74,1,3,0.18305644137379606,0.6323589491335685,-0.5619402538416878,-4,0,0,1,0,1,0,0,1,0,0,0
75,0,3,-0.3559840342518805,-0.5544942657189312,-0.5619402538416878,-2,0,0,1,0,1,0,0,1,0,0,0
76,0,3,0.0014839450466178506,-0.5485218275520726,-0.5619402538416878,-4,0,0,1,0,1,0,0,1,0,0,0
77,0,3,0.0014839450466178506,-0.5447750823717243,-0.5619402538416878,-4,0,0,1,0,1,0,0,1,0,0,0
78,1,2,-2.2172137908051095,-0.035732854561761784,0.6750263670371579,-4,0,0,1,0,1,1,0,0,0,0,0
79,1,3,0.02904487690931704,-0.4372566165932478,-0.5619402538416878,-4,0,0,1,1,0,0,1,0,0,0,0
80,0,3,-0.587001380948599,-0.521692021922108,-0.5619402538416878,-4,0,0,1,0,1,0,0,1,0,0,0
81,1,3,-0.04796090532292247,-0.5095430427380992,-0.5619402538416878,-4,0,0,1,0,1,0,0,1,0,0,0
82,1,3,0.0014839450466178506,-0.5511532964433289,-0.5619402538416878,-4,0,1,0,1,0,0,1,0,0,0,0
83,0,1,-0.12496668755516198,0.4040601918993515,-0.5619402538416878,-4,0,0,1,0,1,0,0,1,0,0,0
84,1,2,-0.9720302921097965,-0.48524508437008196,-0.5619402538416878,-4,0,0,1,1,0,0,1,0,0,0,0
85,1,3,0.26006222360603554,-0.35525100710118934,1.2935096774765809,-4,0,0,1,1,0,0,0,0,1,0,0
86,0,3,-1.0490360743420362,0.09486867166633123,1.9119929879160036,-4,0,0,1,0,1,0,0,1,0,0,0
87,0,3,0.0014839450466178506,-0.5447750823717243,-0.5619402538416878,-4,0,0,1,0,1,0,0,1,0,0,0
88,1,1,-0.5099955987163595,5.649989403554288,2.5304762983554263,1,0,0,1,1,0,0,1,0,0,0,0
89,0,3,-0.43298981648412,-0.5447750823717243,-0.5619402538416878,-4,0,0,1,0,1,0,0,1,0,0,0
90,0,3,-0.04796090532292247,-0.5447750823717243,-0.5619402538416878,-4,0,0,1,0,1,0,0,1,0,0,0
91,0,3,-0.741012945413078,-0.5495326226201822,-0.5619402538416878,-4,0,0,1,0,1,0,0,1,0,0,0
92,0,1,1.2611373926251492,0.746053955929195,0.0565430565977351,-1,0,0,1,0,1,0,0,1,0,0,0
93,0,3,-0.278978252019641,-0.2404431538123076,1.2935096774765809,-4,0,0,1,0,1,0,0,1,0,0,0
94,0,3,2.262212561644263,-0.5642134490661381,-0.5619402538416878,-4,0,0,1,0,1,0,0,1,0,0,0
95,0,3,0.0014839450466178506,-0.5447750823717243,-0.5619402538416878,-4,0,0,1,0,1,0,0,1,0,0,0
96,0,1,3.186281948431137,0.10165266164268173,-0.5619402538416878,3,1,0,0,0,1,0,0,1,0,0,0
97,1,1,-0.5099955987163595,0.7991036884340871,0.0565430565977351,0,1,0,0,0,1,0,0,1,0,0,0
98,1,2,0.33706800583827506,-0.18152060476986562,0.0565430565977351,-4,0,0,1,1,0,0,0,0,1,0,0
99,0,2,0.33706800583827506,-0.1086267296658137,0.0565430565977351,-4,0,0,1,0,1,0,0,1,0,0,0
100,0,3,-0.12496668755516198,-0.5485218275520726,-0.5619402538416878,-4,0,0,1,1,0,0,1,0,0,0,0
101,0,3,0.0014839450466178506,-0.5485218275520726,-0.5619402538416878,-4,0,0,1,0,1,0,0,1,0,0,0
102,0,1,-0.6640071631808385,1.1375548101338737,0.0565430565977351,0,0,0,1,0,1,0,0,1,0,0,0
103,0,3,0.26006222360603554,-0.5300942559257683,-0.5619402538416878,-4,0,0,1,0,1,0,0,1,0,0,0
104,0,3,0.5680853525349936,-0.5478123271677264,0.6750263670371579,-4,0,0,1,0,1,0,0,1,0,0,0
105,0,3,-0.12496668755516198,-0.5485218275520726,-0.5619402538416878,-4,0,0,1,0,1,0,0,1,0,0,0
106,1,3,-0.6640071631808385,-0.5544942657189312,-0.5619402538416878,-4,0,0,1,1,0,0,1,0,0,0,0
107,1,3,0.0014839450466178506,-0.551457020922929,-0.5619402538416878,-4,0,0,1,0,1,0,0,1,0,0,0
108,0,3,0.6450911347672331,-0.5485218275520726,-0.5619402538416878,-4,0,0,1,0,1,0,0,1,0,0,0
109,1,3,0.0014839450466178506,-0.15357795264664575,0.0565430565977351,-4,0,1,0,1,0,0,1,0,0,0,0
110,0,1,1.3381431748573887,0.5231201879026363,-0.5619402538416878,1,0,0,1,0,1,0,0,1,0,0,0
111,0,3,-1.1645447476903954,-0.3891660973912679,0.0565430565977351,-4,1,0,0,1,0,0,1,0,0,0,0
112,0,3,-0.587001380948599,-0.5447750823717243,-0.5619402538416878,-4,0,0,1,0,1,0,0,1,0,0,0
113,0,3,-0.741012945413078,-0.5016462062684937,0.0565430565977351,-4,0,0,1,1,0,0,1,0,0,0,0
114,0,3,-0.9720302921097965,-0.3890664757619591,-0.5619402538416878,-4,1,0,0,1,0,0,1,0,0,0,0
115,0,3,-0.6640071631808385,-0.5478123271677264,-0.5619402538416878,-4,0,0,1,0,1,0,0,1,0,0,0
116,0,3,3.147779057315017,-0.5520644698821295,-0.5619402538416878,-4,0,1,0,0,1,0,0,1,0,0,0
117,0,2,-0.04796090532292247,-0.23011652150590023,0.0565430565977351,-4,0,0,1,0,1,0,0,1,0,0,0
118,0,1,-0.43298981648412,5.273876446384075,0.0565430565977351,2,1,0,0,0,1,0,0,1,0,0,0
119,0,3,-2.1271170255933893,0.01954500072547755,3.1489596087948493,-4,0,0,1,1,0,0,1,0,0,0,0
120,0,2,-0.6640071631808385,1.0455262928150082,0.6750263670371579,-4,0,0,1,0,1,0,0,1,0,0,0
121,0,3,0.0014839450466178506,-0.5447750823717243,-0.5619402538416878,-4,0,0,1,0,1,0,0,1,0,0,0
122,0,2,0.2215593324899158,-0.009714600741288892,0.0565430565977351,-4,1,0,0,0,1,0,0,1,0,0,0
123,1,2,0.2215593324899158,-0.4245001884500387,-0.5619402538416878,-1,0,0,1,1,0,0,1,0,0,0,0
124,0,1,1.8771836504830652,1.1375548101338737,0.0565430565977351,0,0,0,1,0,1,0,0,1,0,0,0
125,1,3,-1.357059203270994,-0.4672232886485235,0.0565430565977351,-4,1,0,0,0,1,1,0,0,0,0,0
126,0,3,0.0014839450466178506,-0.5520644698821295,-0.5619402538416878,-4,0,1,0,0,1,0,0,1,0,0,0
127,1,3,-0.43298981648412,-0.5668449179573944,-0.5619402538416878,-4,0,0,1,0,1,0,0,1,0,0,0
128,1,3,0.0014839450466178506,-0.19711260465462233,0.6750263670371579,-1,1,0,0,1,0,0,1,0,0,0,0
129,0,3,1.1841316103929096,-0.570895387617343,-0.5619402538416878,-4,0,0,1,0,1,0,0,1,0,0,0
130,0,3,0.26006222360603554,-0.5485218275520726,-0.5619402538416878,-4,1,0,0,0,1,0,0,1,0,0,0
131,0,3,-0.741012945413078,-0.5690730407397416,-0.5619402538416878,-4,0,0,1,0,1,0,0,1,0,0,0
132,0,3,1.3381431748573887,-0.38805325089801274,0.0565430565977351,-4,0,0,1,1,0,0,0,0,1,0,0
133,1,2,-0.04796090532292247,-0.1086267296658137,0.0565430565977351,-4,0,0,1,1,0,0,0,0,1,0,0
134,0,2,-0.3559840342518805,-0.4245001884500387,-0.5619402538416878,-4,0,0,1,0,1,0,0,1,0,0,0
135,0,2,-0.5099955987163595,-0.3747914252207489,-0.5619402538416878,-4,1,0,0,0,1,0,0,1,0,0,0
136,1,1,-0.8180187276453176,-0.10174311806015439,0.6750263670371579,0,0,0,1,1,0,0,1,0,0,0,0
137,0,1,0.5680853525349936,0.5498479421074554,0.0565430565977351,1,0,0,1,0,1,0,0,1,0,0,0
138,0,3,-1.0490360743420362,-0.5164266543437586,-0.5619402538416878,-4,0,0,1,0,1,0,0,1,0,0,0
139,0,1,-0.43298981648412,1.184024655512707,-0.5619402538416878,2,1,0,0,0,1,0,0,1,0,0,0
140,0,3,0.0014839450466178506,-0.36993183354714543,0.6750263670371579,-4,1,0,0,1,0,0,0,0,1,0,0
141,1,3,-0.587001380948599,-0.5520644698821295,-0.5619402538416878,-4,0,0,1,1,0,0,1,0,0,0,0
142,1,3,-0.43298981648412,-0.35525100710118934,0.0565430565977351,-4,0,0,1,1,0,0,0,0,1,0,0
143,0,3,-0.8180187276453176,-0.5763624282501468,-0.5619402538416878,-4,0,1,0,0,1,0,0,1,0,0,0
144,0,2,-0.8950245098775571,-0.4609471260020646,-0.5619402538416878,-4,0,0,1,0,1,0,0,1,0,0,0
145,0,2,-0.8180187276453176,0.15257632279037234,0.6750263670371579,-4,0,0,1,0,1,0,0,1,0,0,0
146,1,3,-0.2019724697874015,-0.5509516233888744,-0.5619402538416878,-4,0,0,1,0,1,0,0,1,0,0,0
147,0,3,-1.5880765499677125,0.09486867166633123,1.9119929879160036,-4,0,0,1,1,0,0,1,0,0,0,0
148,0,2,0.5295824614188739,-0.1086267296658137,0.6750263670371579,-2,0,0,1,0,1,0,0,1,0,0,0
149,0,2,0.9531142636961911,-0.4245001884500387,-0.5619402538416878,-4,0,0,1,0,1,0,0,0,0,0,1
150,0,2,1.6461663037863468,-0.43604171867484687,-0.5619402538416878,-4,0,0,1,0,1,0,0,0,0,0,1
151,1,1,-0.587001380948599,0.8778703800756886,0.0565430565977351,1,0,0,1,1,0,0,0,0,1,0,0
152,0,3,1.9926923238314245,-0.5447750823717243,-0.5619402538416878,-4,0,0,1,0,1,0,0,1,0,0,0
153,0,3,0.8376055903478319,-0.38805325089801274,0.6750263670371579,-4,0,0,1,0,1,0,0,1,0,0,0
154,0,3,0.0014839450466178506,-0.5626948266681371,-0.5619402538416878,-4,0,0,1,0,1,0,0,1,0,0,0
155,0,1,1.6461663037863468,0.7510155990279441,0.0565430565977351,-4,1,0,0,0,1,0,0,1,0,0,0
156,1,3,-1.0490360743420362,-0.5524702457868754,-0.5619402538416878,-4,0,1,0,1,0,0,1,0,0,0,0
157,0,3,0.02904487690931704,-0.5447750823717243,-0.5619402538416878,-4,0,0,1,0,1,0,0,1,0,0,0
158,0,3,0.0014839450466178506,-0.5298925828713138,-0.5619402538416878,-4,0,0,1,0,1,0,0,1,0,0,0
159,0,3,0.0014839450466178506,0.9495493572613398,5.622892850552541,-4,0,0,1,0,1,1,0,0,0,0,0
160,0,3,1.1071258281606702,-0.349176517509185,0.0565430565977351,-4,0,0,1,0,1,0,0,1,0,0,0
161,1,2,0.7991026992317121,-0.3576808029379911,-0.5619402538416878,-4,0,0,1,1,0,0,0,0,1,0,0
162,0,3,-0.278978252019641,-0.551457020922929,-0.5619402538416878,-4,0,0,1,0,1,0,0,1,0,0,0
163,0,3,-0.9720302921097965,-0.5298925828713138,-0.5619402538416878,-4,0,0,1,0,1,0,0,1,0,0,0
164,0,3,-2.2041228078256285,0.22395157549642317,2.5304762983554263,-4,0,0,1,0,1,1,0,0,0,0,0
165,1,3,-1.5880765499677125,-0.24165805173070848,0.6750263670371579,-4,0,0,1,0,1,1,0,0,0,0,0
166,1,1,0.0014839450466178506,0.5960140630066881,0.0565430565977351,-1,0,0,1,1,0,0,0,0,1,0,0
167,0,3,1.1841316103929096,-0.062460608766580855,2.5304762983554263,-4,0,0,1,1,0,0,0,0,1,0,0
168,0,1,0.0014839450466178506,-0.11044907654341499,-0.5619402538416878,-4,0,0,1,0,1,0,0,1,0,0,0
169,0,3,-0.12496668755516198,0.6323589491335685,-0.5619402538416878,-4,0,0,1,0,1,0,0,1,0,0,0
170,0,1,2.416224126108742,0.07360795809431608,-0.5619402538416878,2,0,0,1,0,1,0,0,1,0,0,0
171,0,3,-1.9731054611289103,-0.03269560976575962,2.5304762983554263,-4,0,1,0,0,1,1,0,0,0,0,0
172,1,3,-2.2041228078256285,-0.46985718733561654,0.6750263670371579,-4,0,0,1,1,0,0,1,0,0,0,0
173,0,3,-0.6640071631808385,-0.5478123271677264,-0.5619402538416878,-4,0,0,1,0,1,0,0,1,0,0,0
174,0,1,2.031195214947544,0.005471623238721923,-0.5619402538416878,3,1,0,0,0,1,0,0,1,0,0,0
175,0,3,-0.8950245098775571,-0.5495326226201822,0.6750263670371579,-4,0,0,1,0,1,0,0,1,0,0,0
176,0,3,0.0014839450466178506,-0.12158483086347735,1.9119929879160036,-4,0,0,1,0,1,1,0,0,0,0,0
177,0,1,1.5691605215541071,-0.04271851759256679,-0.5619402538416878,1,1,0,0,1,0,0,1,0,0,0,0
178,0,2,0.02904487690931704,-0.4245001884500387,-0.5619402538416878,-4,0,0,1,0,1,0,0,1,0,0,0
179,0,3,0.49107957030275406,-0.7403736472342637,-0.5619402538416878,-4,0,0,1,0,1,0,0,1,0,0,0
180,0,3,0.0014839450466178506,0.9495493572613398,5.622892850552541,-4,0,0,1,1,0,0,1,0,0,0,0
181,0,2,0.0014839450466178506,-0.3746893737956032,-0.5619402538416878,-4,1,0,0,0,1,0,0,1,0,0,0
182,0,3,-1.5880765499677125,0.022278521041879516,3.1489596087948493,-4,0,0,1,0,1,1,0,0,0,0,0
183,1,2,-2.2041228078256285,0.20724672911841127,1.2935096774765809,-2,0,0,1,0,1,1,0,0,0,0,0
184,1,3,-1.9731054611289103,-0.2052111141786825,0.6750263670371579,-4,0,0,1,1,0,0,1,0,0,0,0
185,0,1,0.0014839450466178506,0.4745242711666016,-0.5619402538416878,3,0,0,1,0,1,0,0,1,0,0,0
186,1,3,0.0014839450466178506,-0.3637552925299954,0.0565430565977351,-4,0,1,0,1,0,0,0,0,1,0,0
187,1,1,1.1841316103929096,-0.09526285256340417,-0.5619402538416878,-4,0,0,1,0,1,0,0,1,0,0,0
188,0,3,0.7991026992317121,-0.3637552925299954,0.6750263670371579,-4,0,1,0,0,1,0,0,1,0,0,0
189,0,3,0.49107957030275406,-0.5485218275520726,-0.5619402538416878,-4,0,0,1,0,1,0,0,1,0,0,0
190,1,2,0.18305644137379606,-0.4245001884500387,-0.5619402538416878,-4,0,0,1,1,0,0,0,0,1,0,0
191,0,2,-0.8180187276453176,-0.4245001884500387,-0.5619402538416878,-4,0,0,1,0,1,0,0,1,0,0,0
192,1,3,-0.8180187276453176,-0.5495326226201822,0.0565430565977351,-4,0,0,1,1,0,0,1,0,0,0,0
193,1,2,-2.0501112433611497,-0.1086267296658137,0.6750263670371579,-2,0,0,1,0,1,1,0,0,0,0,0
194,1,1,1.1071258281606702,-0.06681480290612951,-0.5619402538416878,2,1,0,0,1,0,0,0,0,1,0,0
195,1,1,2.1852067794120233,2.8197826512143265,-0.5619402538416878,2,1,0,0,1,0,0,1,0,0,0,0
196,0,3,0.0014839450466178506,-0.5520644698821295,-0.5619402538416878,-4,0,1,0,0,1,0,0,1,0,0,0
197,0,3,0.9531142636961911,-0.5361687455177726,0.0565430565977351,-4,0,0,1,0,1,0,0,1,0,0,0
198,1,3,0.0014839450466178506,-0.5520644698821295,-0.5619402538416878,-4,0,1,0,1,0,0,1,0,0,0,0
199,0,2,-0.43298981648412,-0.4245001884500387,-0.5619402538416878,-4,0,0,1,1,0,0,1,0,0,0,0
200,0,3,-0.12496668755516198,-0.5095430427380992,-0.5619402538416878,-4,0,0,1,0,1,0,0,1,0,0,0
201,0,3,0.0014839450466178506,0.9495493572613398,5.622892850552541,-4,0,0,1,0,1,0,0,1,0,0,0
202,0,3,0.33706800583827506,-0.5825389692672969,-0.5619402538416878,-4,0,0,1,0,1,0,0,1,0,0,0
203,0,3,1.2226345015090294,-0.5648208980253386,-0.5619402538416878,-4,1,0,0,0,1,0,0,1,0,0,0
204,1,3,-0.8950245098775571,-0.5447750823717243,-0.5619402538416878,-4,0,0,1,0,1,0,0,1,0,0,0
205,0,3,-2.1271170255933893,-0.48615625780888255,0.0565430565977351,-3,0,0,1,1,0,0,1,0,0,0,0
206,0,3,0.18305644137379606,-0.35525100710118934,0.0565430565977351,-4,0,0,1,0,1,0,0,1,0,0,0
207,1,3,-0.278978252019641,-0.28387575439513846,-0.5619402538416878,-4,1,0,0,0,1,0,0,1,0,0,0
208,1,3,-1.0490360743420362,-0.5520644698821295,-0.5619402538416878,-4,0,1,0,1,0,0,1,0,0,0,0
209,1,1,0.7991026992317121,0.012863062174272827,-0.5619402538416878,3,1,0,0,0,1,0,0,1,0,0,0
210,0,3,-0.43298981648412,-0.5690730407397416,-0.5619402538416878,-4,0,0,1,0,1,0,0,1,0,0,0
211,1,2,0.4140737880705146,-0.23011652150590023,-0.5619402538416878,-4,0,0,1,1,0,0,1,0,0,0,0
212,0,3,-0.587001380948599,-0.5642134490661381,-0.5619402538416878,-4,0,0,1,0,1,0,0,1,0,0,0
213,0,2,0.02904487690931704,-0.4245001884500387,-0.5619402538416878,-4,0,0,1,0,1,0,0,1,0,0,0
214,0,3,0.0014839450466178506,-0.5520644698821295,0.0565430565977351,-4,0,1,0,0,1,0,0,1,0,0,0
215,1,1,0.10605065914155655,2.011977586902897,0.0565430565977351,0,1,0,0,1,0,0,1,0,0,0,0
216,1,3,-0.2019724697874015,-0.5478123271677264,-0.5619402538416878,-4,0,0,1,1,0,0,1,0,0,0,0
217,0,2,0.9531142636961911,-0.0843287712977964,0.0565430565977351,-4,0,0,1,0,1,0,0,1,0,0,0
218,1,1,0.18305644137379606,1.1133589031910023,-0.5619402538416878,0,1,0,0,1,0,0,1,0,0,0,0
219,0,2,0.02904487690931704,-0.48524508437008196,-0.5619402538416878,-4,0,0,1,0,1,0,0,1,0,0,0
220,1,3,-1.0490360743420362,-0.5447750823717243,-0.5619402538416878,-4,0,0,1,0,1,0,0,1,0,0,0
221,0,2,-0.2019724697874015,-0.4245001884500387,-0.5619402538416878,-4,0,0,1,0,1,0,0,1,0,0,0
222,0,3,1.6461663037863468,-0.5447750823717243,-0.5619402538416878,-4,0,0,1,0,1,0,0,1,0,0,0
223,0,3,0.0014839450466178506,-0.5485218275520726,-0.5619402538416878,-4,0,0,1,0,1,0,0,1,0,0,0
224,1,1,0.6450911347672331,1.4464426058872937,0.0565430565977351,1,0,0,1,0,1,0,0,1,0,0,0
225,0,3,-0.587001380948599,-0.5131877364933018,-0.5619402538416878,-4,0,0,1,0,1,0,0,1,0,0,0
226,1,2,-0.8180187276453176,-0.48524508437008196,-0.5619402538416878,-4,0,0,1,0,1,0,0,1,0,0,0
227,0,3,-0.7025100542969583,-0.5642134490661381,-0.5619402538416878,-4,0,0,1,0,1,0,0,1,0,0,0
228,0,2,-0.8950245098775571,-0.4245001884500387,-0.5619402538416878,-4,0,0,1,0,1,0,0,1,0,0,0
229,0,3,0.0014839450466178506,-0.12158483086347735,1.9119929879160036,-4,0,0,1,1,0,0,1,0,0,0,0
230,1,1,0.4140737880705146,1.2878984275359806,0.0565430565977351,1,0,0,1,1,0,0,0,0,1,0,0
231,0,3,-0.04796090532292247,-0.551457020922929,-0.5619402538416878,-4,0,0,1,0,1,0,0,1,0,0,0
232,0,2,2.262212561644263,-0.41235120926603,-0.5619402538416878,-4,0,0,1,0,1,0,0,1,0,0,0
233,1,3,-1.8960996788966706,0.022278521041879516,3.1489596087948493,-4,0,0,1,1,0,0,1,0,0,0,0
234,0,2,-0.43298981648412,-0.48524508437008196,-0.5619402538416878,-4,0,0,1,0,1,0,0,1,0,0,0
235,0,3,0.0014839450466178506,-0.5569240615557329,-0.5619402538416878,-4,0,0,1,1,0,0,1,0,0,0,0
236,0,2,1.1071258281606702,-0.1086267296658137,0.0565430565977351,-4,0,0,1,0,1,0,0,1,0,0,0
237,1,2,-1.6650823321999522,-0.10255224007380938,0.6750263670371579,-4,0,0,1,1,0,0,1,0,0,0,0
238,0,2,-0.8180187276453176,-0.48524508437008196,-0.5619402538416878,-4,0,0,1,0,1,0,0,1,0,0,0
239,0,2,0.26006222360603554,-0.44211620826685116,-0.5619402538416878,-4,0,0,1,0,1,0,0,1,0,0,0
240,0,3,0.0014839450466178506,-0.3891660973912679,0.0565430565977351,-4,1,0,0,1,0,0,1,0,0,0,0
241,1,3,0.0014839450466178506,-0.3637552925299954,0.0565430565977351,-4,0,1,0,1,0,0,1,0,0,0,0
242,0,2,-0.04796090532292247,-0.48524508437008196,-0.5619402538416878,-4,0,0,1,0,1,0,0,1,0,0,0
243,0,3,-0.587001380948599,-0.5672506938621403,-0.5619402538416878,-4,0,0,1,0,1,0,0,1,0,0,0
244,0,3,0.02904487690931704,-0.5648208980253386,-0.5619402538416878,-4,1,0,0,0,1,0,0,1,0,0,0
245,0,1,1.1071258281606702,1.4464426058872937,0.6750263670371579,1,0,1,0,0,1,0,0,0,0,0,1
246,0,3,-0.3559840342518805,-0.551457020922929,-0.5619402538416878,-4,0,0,1,1,0,0,1,0,0,0,0
247,1,2,-0.43298981648412,-0.38805325089801274,0.6750263670371579,-4,0,0,1,1,0,0,0,0,1,0,0
248,1,1,0.5680853525349936,0.5365861164301915,0.6750263670371579,0,0,0,1,0,1,0,0,1,0,0,0
249,0,2,1.8771836504830652,-0.1086267296658137,0.0565430565977351,-4,0,0,1,0,1,0,0,0,0,0,1
250,0,3,0.0014839450466178506,-0.5642134490661381,-0.5619402538416878,-4,0,0,1,0,1,0,0,1,0,0,0
251,0,3,-0.04796090532292247,-0.48615625780888255,0.6750263670371579,-3,0,0,1,1,0,0,0,0,1,0,0
252,0,1,2.4932299083409815,-0.09526285256340417,-0.5619402538416878,1,0,0,1,0,1,0,0,1,0,0,0
253,0,3,0.02904487690931704,-0.349176517509185,0.0565430565977351,-4,0,0,1,0,1,0,0,1,0,0,0
254,0,3,0.8761084814639516,-0.2492511637207139,0.6750263670371579,-4,0,0,1,1,0,0,0,0,1,0,0
255,1,3,-0.04796090532292247,-0.36993183354714543,0.6750263670371579,-4,1,0,0,1,0,0,0,0,1,0,0
256,1,1,0.0014839450466178506,1.184024655512707,-0.5619402538416878,-4,1,0,0,1,0,0,0,0,1,0,0
257,1,1,0.02904487690931704,1.361399751599233,-0.5619402538416878,2,0,0,1,1,0,0,1,0,0,0,0
259,1,2,1.5691605215541071,-0.1086267296658137,0.0565430565977351,-4,0,0,1,1,0,0,0,0,1,0,0
260,0,3,0.0014839450466178506,-0.5520644698821295,-0.5619402538416878,-4,0,1,0,0,1,0,0,1,0,0,0
261,1,3,-2.0501112433611497,0.022278521041879516,3.1489596087948493,-4,0,0,1,0,1,1,0,0,0,0,0
262,0,1,1.7231720860185862,1.1949587367783148,0.6750263670371579,-1,0,0,1,0,1,0,0,1,0,0,0
263,0,1,0.7991026992317121,-0.7403736472342637,-0.5619402538416878,2,0,0,1,0,1,0,0,1,0,0,0
264,0,3,0.0014839450466178506,-0.5520644698821295,-0.5619402538416878,-4,0,1,0,1,0,0,1,0,0,0,0
265,0,2,0.49107957030275406,-0.48524508437008196,-0.5619402538416878,-4,0,0,1,0,1,0,0,1,0,0,0
266,0,3,-1.0490360743420362,0.22395157549642317,2.5304762983554263,-4,0,0,1,0,1,0,0,1,0,0,0
267,1,3,-0.3559840342518805,-0.551457020922929,0.0565430565977351,-4,0,0,1,0,1,0,0,1,0,0,0
268,1,1,2.1852067794120233,2.988451788817592,0.0565430565977351,1,0,0,1,1,0,0,0,0,1,0,0
269,1,1,0.4140737880705146,2.5552386294825378,-0.5619402538416878,1,0,0,1,1,0,0,1,0,0,0,0
270,0,1,0.0014839450466178506,0.012863062174272827,-0.5619402538416878,-4,0,0,1,0,1,0,0,1,0,0,0
271,1,3,-0.3559840342518805,-0.7403736472342637,-0.5619402538416878,-4,0,0,1,0,1,0,0,1,0,0,0
272,1,2,0.8761084814639516,-0.26656345905792617,0.0565430565977351,-4,0,0,1,1,0,0,0,0,1,0,0
273,0,1,0.5680853525349936,-0.018724283704149688,0.0565430565977351,1,1,0,0,0,1,0,0,1,0,0,0
274,1,3,0.0014839450466178506,-0.5520644698821295,-0.5619402538416878,-4,0,1,0,1,0,0,1,0,0,0,0
275,1,1,2.5702356905732207,1.1538538806071397,0.0565430565977351,0,0,0,1,1,0,0,1,0,0,0,0
276,0,3,1.1841316103929096,-0.5520644698821295,-0.5619402538416878,-4,0,0,1,1,0,0,1,0,0,0,0
277,0,2,0.0014839450466178506,-0.7403736472342637,-0.5619402538416878,-4,0,0,1,0,1,0,0,1,0,0,0
278,0,3,-1.7420881144321916,-0.03269560976575962,2.5304762983554263,-4,0,1,0,0,1,1,0,0,0,0,0
279,1,3,0.4140737880705146,-0.2483399902819132,0.6750263670371579,-4,0,0,1,1,0,0,0,0,1,0,0
280,0,3,2.7242472550377,-0.5520644698821295,-0.5619402538416878,-4,0,1,0,0,1,0,0,1,0,0,0
281,0,3,-0.12496668755516198,-0.5495326226201822,-0.5619402538416878,-4,0,0,1,0,1,0,0,1,0,0,0
282,0,3,-1.0490360743420362,-0.5095430427380992,-0.5619402538416878,-4,0,0,1,0,1,0,0,1,0,0,0
283,1,3,-0.8180187276453176,-0.5447750823717243,-0.5619402538416878,-4,0,0,1,0,1,0,0,1,0,0,0
284,0,1,0.0014839450466178506,-0.1086267296658137,-0.5619402538416878,3,0,0,1,0,1,0,0,1,0,0,0
285,0,3,0.26006222360603554,-0.5298925828713138,-0.5619402538416878,-4,1,0,0,0,1,0,0,1,0,0,0
286,1,3,0.02904487690931704,-0.5095430427380992,-0.5619402538416878,-4,0,0,1,0,1,0,0,1,0,0,0
287,0,3,-0.587001380948599,-0.5485218275520726,-0.5619402538416878,-4,0,0,1,0,1,0,0,1,0,0,0
288,1,2,0.9531142636961911,-0.4245001884500387,-0.5619402538416878,-4,0,0,1,0,1,0,0,1,0,0,0
289,1,3,-0.587001380948599,-0.5520644698821295,-0.5619402538416878,-4,0,1,0,1,0,0,1,0,0,0,0
290,1,1,-0.278978252019641,1.1755203700839008,-0.5619402538416878,-4,0,0,1,1,0,0,1,0,0,0,0
291,1,1,-0.8180187276453176,1.4726649625580581,0.0565430565977351,2,1,0,0,1,0,0,0,0,1,0,0
292,0,2,0.49107957030275406,-0.4275374332460408,-0.5619402538416878,0,1,0,0,0,1,0,0,1,0,0,0
293,0,3,-0.43298981648412,-0.5253367156773106,-0.5619402538416878,-4,0,0,1,1,0,0,1,0,0,0,0
294,0,3,-0.43298981648412,-0.5485218275520726,-0.5619402538416878,-4,0,0,1,0,1,0,0,1,0,0,0
295,0,1,0.0014839450466178506,-0.06681480290612951,-0.5619402538416878,-4,1,0,0,0,1,0,0,1,0,0,0
296,0,3,-0.47149270760023976,-0.564718846600193,-0.5619402538416878,-4,1,0,0,0,1,0,0,1,0,0,0
297,0,1,-2.1271170255933893,2.9419819434387593,1.2935096774765809,1,0,0,1,1,0,0,1,0,0,0,0
298,1,1,0.0014839450466178506,0.0007140829902641737,-0.5619402538416878,1,0,0,1,0,1,0,0,1,0,0,0
299,1,1,1.5691605215541071,5.273876446384075,0.0565430565977351,2,1,0,0,1,0,0,0,0,1,0,0
300,1,3,0.0014839450466178506,-0.5520644698821295,-0.5619402538416878,-4,0,1,0,1,0,0,1,0,0,0,0
301,1,3,0.0014839450466178506,-0.1754461151778613,0.6750263670371579,-4,0,1,0,0,1,0,0,1,0,0,0
302,0,3,-0.8180187276453176,-0.7403736472342637,-0.5619402538416878,-4,0,0,1,0,1,0,0,1,0,0,0
303,1,2,0.0014839450466178506,-0.44029386138925,-0.5619402538416878,-1,0,1,0,1,0,0,1,0,0,0,0
304,0,3,0.0014839450466178506,-0.5447750823717243,-0.5619402538416878,-4,0,0,1,0,1,0,0,1,0,0,0
305,1,1,-2.210283270404208,2.9419819434387593,1.2935096774765809,1,0,0,1,0,1,1,0,0,0,0,0
306,1,1,0.0014839450466178506,1.9538641598741098,-0.5619402538416878,-4,1,0,0,1,0,0,1,0,0,0,0
307,1,1,-0.9720302921097965,1.905674019042821,0.0565430565977351,1,1,0,0,1,0,0,0,0,1,0,0
308,0,2,0.02904487690931704,-0.15722264640184833,0.0565430565977351,-4,1,0,0,0,1,0,0,1,0,0,0
309,1,1,0.02904487690931704,0.6428896842902672,-0.5619402538416878,-1,1,0,0,1,0,0,1,0,0,0,0
310,1,1,-0.43298981648412,1.2802032641208296,-0.5619402538416878,1,1,0,0,1,0,0,1,0,0,0,0
311,1,1,-0.8950245098775571,5.634803179574277,1.9119929879160036,2,1,0,0,1,0,0,1,0,0,0,0
312,0,2,-0.278978252019641,-0.1086267296658137,0.6750263670371579,-4,0,0,1,1,0,0,0,0,1,0,0
313,0,3,-0.12496668755516198,-0.5485218275520726,-0.5619402538416878,-4,0,0,1,0,1,0,0,1,0,0,0
314,0,2,1.0301200459284305,-0.10255224007380938,0.6750263670371579,-4,0,0,1,0,1,0,0,1,0,0,0
315,1,3,-0.278978252019641,-0.5495326226201822,-0.5619402538416878,-4,0,0,1,1,0,0,1,0,0,0,0
316,1,2,-0.43298981648412,-0.1086267296658137,0.0565430565977351,-4,0,0,1,1,0,0,0,0,1,0,0
317,0,2,1.8771836504830652,-0.4002022300820214,-0.5619402538416878,-4,0,0,1,0,1,0,0,0,0,0,1
318,1,1,0.10605065914155655,3.2655505656381356,0.6750263670371579,1,0,0,1,1,0,0,1,0,0,0,0
319,1,1,0.7991026992317121,2.527701753264064,0.6750263670371579,-1,1,0,0,1,0,0,0,0,1,0,0
320,0,3,-0.587001380948599,-0.5642134490661381,-0.5619402538416878,-4,0,0,1,0,1,0,0,1,0,0,0
321,0,3,-0.2019724697874015,-0.5485218275520726,-0.5619402538416878,-4,0,0,1,0,1,0,0,1,0,0,0
322,1,2,0.02904487690931704,-0.44029386138925,-0.5619402538416878,-4,0,1,0,1,0,0,1,0,0,0,0
323,1,2,-0.587001380948599,-0.035732854561761784,0.6750263670371579,-4,0,0,1,1,0,0,0,0,1,0,0
324,0,3,0.0014839450466178506,0.9495493572613398,5.622892850552541,-4,0,0,1,0,1,0,0,1,0,0,0
325,1,1,0.49107957030275406,2.5552386294825378,-0.5619402538416878,1,1,0,0,1,0,0,1,0,0,0,0
326,0,3,2.416224126108742,-0.5888151319137557,-0.5619402538416878,-4,0,0,1,0,1,0,0,1,0,0,0
327,1,2,0.49107957030275406,-0.4245001884500387,-0.5619402538416878,0,0,0,1,1,0,0,0,0,1,0,0
328,1,3,0.10605065914155655,-0.24165805173070848,0.6750263670371579,-4,0,0,1,1,0,0,0,0,1,0,0
329,1,1,-1.0490360743420362,0.6684025405766852,0.0565430565977351,2,1,0,0,1,0,0,1,0,0,0,0
330,1,3,0.0014839450466178506,-0.1754461151778613,0.6750263670371579,-4,0,1,0,1,0,0,1,0,0,0,0
331,0,1,1.2226345015090294,-0.04788183374577044,-0.5619402538416878,1,0,0,1,0,1,0,0,1,0,0,0
332,0,1,0.6450911347672331,2.988451788817592,0.0565430565977351,1,0,0,1,0,1,0,0,1,0,0,0
333,0,3,-1.0490360743420362,-0.30301039660995216,0.6750263670371579,-4,0,0,1,0,1,0,0,1,0,0,0
334,1,1,0.0014839450466178506,2.5070484886512494,0.0565430565977351,-4,0,0,1,1,0,0,0,0,1,0,0
335,0,3,0.0014839450466178506,-0.5485218275520726,-0.5619402538416878,-4,0,0,1,0,1,0,0,1,0,0,0
336,0,1,-0.04796090532292247,0.8778703800756886,0.0565430565977351,1,0,0,1,0,1,0,0,1,0,0,0
337,1,1,0.8761084814639516,2.527701753264064,-0.5619402538416878,-1,1,0,0,1,0,0,1,0,0,0,0
338,1,3,1.1841316103929096,-0.5447750823717243,-0.5619402538416878,-4,0,0,1,0,1,0,0,1,0,0,0
339,0,1,1.1841316103929096,0.1222038748303507,-0.5619402538416878,-4,0,0,1,0,1,0,0,1,0,0,0
340,1,2,-2.1271170255933893,-0.1086267296658137,0.6750263670371579,-2,0,0,1,0,1,1,0,0,0,0,0
341,1,1,-0.43298981648412,5.649989403554288,2.5304762983554263,1,0,0,1,1,0,0,1,0,0,0,0
342,0,2,-0.12496668755516198,-0.4245001884500387,-0.5619402538416878,-4,0,0,1,0,1,0,0,1,0,0,0
343,0,2,-0.3559840342518805,-0.4245001884500387,-0.5619402538416878,-4,0,0,1,0,1,0,0,1,0,0,0
344,0,2,0.49107957030275406,-0.4245001884500387,-0.5619402538416878,-4,0,0,1,0,1,0,0,1,0,0,0
345,1,2,-0.43298981648412,-0.4245001884500387,-0.5619402538416878,-2,0,0,1,1,0,0,1,0,0,0,0
346,1,2,0.7991026992317121,-0.4245001884500387,-0.5619402538416878,-4,0,0,1,1,0,0,1,0,0,0,0
347,1,3,0.0014839450466178506,-0.349176517509185,0.0565430565977351,-4,0,0,1,1,0,0,0,0,1,0,0
348,1,3,-2.0501112433611497,-0.3540361091827885,0.6750263670371579,-4,0,0,1,0,1,1,0,0,0,0,0
349,0,3,0.9531142636961911,-0.5298925828713138,-0.5619402538416878,-4,0,0,1,0,1,0,0,1,0,0,0
350,0,3,-0.5099955987163595,-0.516224981289304,-0.5619402538416878,-4,0,0,1,0,1,0,0,1,0,0,0
351,0,1,0.0014839450466178506,0.11005489564634205,-0.5619402538416878,1,0,0,1,0,1,0,0,1,0,0,0
352,0,3,-1.1260418565742756,-0.564718846600193,0.6750263670371579,-4,1,0,0,0,1,0,0,1,0,0,0
353,0,3,-0.3559840342518805,-0.3078699882835556,0.0565430565977351,-4,0,0,1,0,1,0,0,1,0,0,0
354,0,3,0.0014839450466178506,-0.5648208980253386,-0.5619402538416878,-4,1,0,0,0,1,0,0,1,0,0,0
355,0,3,-0.12496668755516198,-0.5095430427380992,-0.5619402538416878,-4,0,0,1,0,1,0,0,1,0,0,0
356,1,1,-0.587001380948599,0.5960140630066881,0.0565430565977351,-1,0,0,1,1,0,0,1,0,0,0,0
357,0,2,0.6450911347672331,-0.4245001884500387,-0.5619402538416878,-4,0,0,1,1,0,0,1,0,0,0,0
358,1,3,0.0014839450466178506,-0.5489251736609817,-0.5619402538416878,-4,0,1,0,1,0,0,1,0,0,0,0
359,1,3,0.0014839450466178506,-0.5489251736609817,-0.5619402538416878,-4,0,1,0,1,0,0,1,0,0,0,0
360,0,3,0.7991026992317121,-0.062460608766580855,2.5304762983554263,-4,0,0,1,0,1,0,0,1,0,0,0
361,0,2,-0.04796090532292247,-0.06681480290612951,0.0565430565977351,-4,1,0,0,0,1,0,0,1,0,0,0
362,0,3,1.1841316103929096,-0.3891660973912679,0.0565430565977351,-4,1,0,0,1,0,0,0,0,1,0,0
363,0,3,0.4140737880705146,-0.5690730407397416,-0.5619402538416878,-4,0,0,1,0,1,0,0,1,0,0,0
364,0,3,0.0014839450466178506,-0.3637552925299954,0.0565430565977351,-4,0,1,0,0,1,0,0,1,0,0,0
365,0,3,0.02904487690931704,-0.5642134490661381,-0.5619402538416878,-4,0,0,1,0,1,0,0,1,0,0,0
366,1,1,2.339218343876502,1.0880477199590386,0.0565430565977351,0,1,0,0,1,0,0,0,0,1,0,0
367,1,3,0.0014839450466178506,-0.564718846600193,-0.5619402538416878,-4,1,0,0,1,0,0,0,0,1,0,0
368,1,3,0.0014839450466178506,-0.5520644698821295,-0.5619402538416878,-4,0,1,0,1,0,0,1,0,0,0,0
369,1,1,-0.43298981648412,0.9434748676693355,-0.5619402538416878,2,1,0,0,1,0,0,0,0,1,0,0
370,1,1,-0.3559840342518805,0.6067464712178413,0.0565430565977351,-1,1,0,0,0,1,0,0,1,0,0,0
371,0,3,-0.8950245098775571,-0.5825389692672969,0.0565430565977351,-4,0,0,1,0,1,0,0,1,0,0,0
372,0,3,-0.8180187276453176,-0.5447750823717243,-0.5619402538416878,-4,0,0,1,0,1,0,0,1,0,0,0
373,0,1,-0.587001380948599,2.5552386294825378,-0.5619402538416878,-4,1,0,0,0,1,0,0,1,0,0,0
374,0,3,-2.0501112433611497,-0.22829417462829896,1.9119929879160036,-4,0,0,1,1,0,0,1,0,0,0,0
375,1,1,0.0014839450466178506,1.2562090302324127,0.0565430565977351,-4,1,0,0,1,0,0,0,0,1,0,0
376,1,3,-0.587001380948599,-0.5642134490661381,-0.5619402538416878,-4,0,0,1,1,0,0,1,0,0,0,0
377,0,1,-0.2019724697874015,4.398644547601397,0.6750263670371579,1,1,0,0,0,1,0,0,1,0,0,0
378,0,3,-0.741012945413078,-0.6428780892825943,-0.5619402538416878,-4,1,0,0,0,1,0,0,1,0,0,0
379,0,3,-0.8180187276453176,-0.551457020922929,-0.5619402538416878,-4,0,0,1,0,1,0,0,1,0,0,0
380,1,1,0.9531142636961911,4.788019330448874,-0.5619402538416878,-4,1,0,0,1,0,0,1,0,0,0,0
381,1,3,-2.2041228078256285,-0.35788247599244566,0.6750263670371579,-4,1,0,0,1,0,0,1,0,0,0,0
382,0,3,0.18305644137379606,-0.5478123271677264,-0.5619402538416878,-4,0,0,1,0,1,0,0,1,0,0,0
383,1,1,0.4140737880705146,0.5231201879026363,0.0565430565977351,-4,0,0,1,1,0,0,0,0,1,0,0
384,0,3,0.0014839450466178506,-0.5485218275520726,-0.5619402538416878,-4,0,0,1,0,1,0,0,1,0,0,0
385,0,2,-0.8950245098775571,1.0455262928150082,-0.5619402538416878,-4,0,0,1,0,1,0,0,1,0,0,0
386,0,3,-2.2041228078256285,0.39920060022574794,3.7674429192342718,-4,0,0,1,0,1,1,0,0,0,0,0
387,1,2,0.49107957030275406,-0.4245001884500387,-0.5619402538416878,-4,0,0,1,1,0,0,1,0,0,0,0
388,0,3,0.0014839450466178506,-0.5525698674161843,-0.5619402538416878,-4,0,1,0,0,1,0,0,1,0,0,0
389,1,2,-0.9720302921097965,-0.44879814681805597,-0.5619402538416878,-4,1,0,0,1,0,0,1,0,0,0,0
390,1,1,0.49107957030275406,2.175381356927813,1.2935096774765809,2,0,0,1,0,1,0,0,1,0,0,0
391,1,3,-0.6640071631808385,-0.5509516233888744,-0.5619402538416878,-4,0,0,1,0,1,0,0,1,0,0,0
392,0,3,-0.12496668755516198,-0.5478123271677264,0.6750263670371579,-4,0,0,1,0,1,0,0,1,0,0,0
393,1,1,-0.5099955987163595,2.011977586902897,0.0565430565977351,0,1,0,0,1,0,0,1,0,0,0,0
394,1,3,-0.43298981648412,-0.33459774248837465,0.6750263670371579,-3,0,0,1,1,0,0,0,0,1,0,0
395,0,3,-0.587001380948599,-0.5509516233888744,-0.5619402538416878,-4,0,0,1,0,1,0,0,1,0,0,0
396,0,3,0.10605065914155655,-0.5495326226201822,-0.5619402538416878,-4,0,0,1,1,0,0,1,0,0,0,0
397,0,2,1.2611373926251492,-0.1086267296658137,-0.5619402538416878,-4,0,0,1,0,1,0,0,1,0,0,0
398,0,2,-0.5099955987163595,-0.48524508437008196,-0.5619402538416878,-4,0,0,1,0,1,0,0,0,0,0,1
399,1,2,-0.12496668755516198,-0.43300447387884466,-0.5619402538416878,-4,0,0,1,1,0,0,0,0,1,0,0
400,1,3,0.7220969169994726,-0.5478123271677264,-0.5619402538416878,-4,0,0,1,0,1,0,0,1,0,0,0
401,0,3,-0.278978252019641,-0.5447750823717243,-0.5619402538416878,-4,0,0,1,0,1,0,0,1,0,0,0
402,0,3,-0.6640071631808385,-0.5016462062684937,0.0565430565977351,-4,0,0,1,1,0,0,1,0,0,0,0
403,0,3,-0.12496668755516198,-0.35525100710118934,0.0565430565977351,-4,0,0,1,0,1,0,0,1,0,0,0
404,0,3,-0.741012945413078,-0.5298925828713138,-0.5619402538416878,-4,0,0,1,1,0,0,1,0,0,0,0
405,0,2,0.33706800583827506,-0.23011652150590023,0.0565430565977351,-4,0,0,1,0,1,0,0,1,0,0,0
406,0,3,1.6461663037863468,-0.5520644698821295,-0.5619402538416878,-4,0,0,1,0,1,0,0,1,0,0,0
407,1,2,-2.0501112433611497,-0.28478692783393916,0.6750263670371579,-4,0,0,1,0,1,1,0,0,0,0,0
408,0,3,-0.6640071631808385,-0.551457020922929,-0.5619402538416878,-4,0,0,1,0,1,0,0,1,0,0,0
409,0,3,0.0014839450466178506,-0.12158483086347735,1.9119929879160036,-4,0,0,1,1,0,0,1,0,0,0,0
410,0,3,0.0014839450466178506,-0.5485218275520726,-0.5619402538416878,-4,0,0,1,0,1,0,0,1,0,0,0
411,0,3,0.0014839450466178506,-0.5737309593588905,-0.5619402538416878,-4,0,1,0,0,1,0,0,1,0,0,0
412,1,1,0.26006222360603554,1.4464426058872937,0.0565430565977351,1,0,1,0,1,0,0,1,0,0,0,0
413,0,2,0.0014839450466178506,-0.7403736472342637,-0.5619402538416878,-4,0,0,1,0,1,0,0,1,0,0,0
414,1,3,1.1071258281606702,-0.5478123271677264,-0.5619402538416878,-4,0,0,1,0,1,0,0,1,0,0,0
415,0,3,0.0014839450466178506,-0.5447750823717243,-0.5619402538416878,-4,0,0,1,1,0,0,0,0,1,0,0
416,1,2,0.33706800583827506,0.049309999726298785,0.6750263670371579,-4,0,0,1,1,0,0,0,0,1,0,0
417,1,2,-0.8950245098775571,-0.4245001884500387,0.6750263670371579,-4,0,0,1,1,0,0,1,0,0,0,0
418,0,2,0.02904487690931704,-0.4245001884500387,-0.5619402538416878,-4,0,0,1,0,1,0,0,1,0,0,0
419,0,3,-1.511070767735473,-0.15357795264664575,0.6750263670371579,-4,0,0,1,1,0,0,1,0,0,0,0
420,0,3,0.0014839450466178506,-0.5485218275520726,-0.5619402538416878,-4,1,0,0,0,1,0,0,1,0,0,0
421,0,3,-0.6640071631808385,-0.5524702457868754,-0.5619402538416878,-4,0,1,0,0,1,0,0,1,0,0,0
422,0,3,-0.04796090532292247,-0.5490272250861273,-0.5619402538416878,-4,0,0,1,0,1,0,0,1,0,0,0
423,0,3,-0.12496668755516198,-0.3904830467348144,0.6750263670371579,-4,0,0,1,1,0,0,0,0,1,0,0
424,0,3,-0.8950245098775571,-0.2492511637207139,0.6750263670371579,-4,0,0,1,0,1,0,0,1,0,0,0
425,0,3,0.0014839450466178506,-0.5642134490661381,-0.5619402538416878,-4,0,0,1,0,1,0,0,1,0,0,0
426,1,2,-0.12496668755516198,-0.1086267296658137,0.0565430565977351,-4,0,0,1,1,0,0,0,0,1,0,0
427,1,2,-0.8180187276453176,-0.1086267296658137,-0.5619402538416878,-4,0,0,1,1,0,0,1,0,0,0,0
428,0,3,0.0014839450466178506,-0.5520644698821295,-0.5619402538416878,-4,0,1,0,0,1,0,0,1,0,0,0
429,1,3,0.18305644137379606,-0.5447750823717243,-0.5619402538416878,-1,0,0,1,0,1,0,0,1,0,0,0
430,1,1,-0.12496668755516198,-0.09526285256340417,-0.5619402538416878,1,0,0,1,0,1,0,0,1,0,0,0
431,1,3,0.0014839450466178506,-0.349176517509185,0.0565430565977351,-4,0,0,1,1,0,0,0,0,1,0,0
432,1,2,0.9531142636961911,-0.1086267296658137,0.0565430565977351,-4,0,0,1,1,0,0,0,0,1,0,0
433,0,3,-0.9720302921097965,-0.5672506938621403,-0.5619402538416878,-4,0,0,1,0,1,0,0,1,0,0,0
434,0,1,1.5691605215541071,0.6178822255379037,0.0565430565977351,-1,0,0,1,0,1,0,0,1,0,0,0
435,1,1,-1.203047638806515,2.175381356927813,1.2935096774765809,2,0,0,1,1,0,0,1,0,0,0,0
436,0,3,-0.6640071631808385,0.09486867166633123,1.9119929879160036,-4,0,0,1,1,0,0,1,0,0,0,0
437,1,2,-0.43298981648412,-0.28478692783393916,2.5304762983554263,-4,0,0,1,1,0,0,0,0,1,0,0
438,0,1,2.6472414728054603,5.649989403554288,2.5304762983554263,1,0,0,1,0,1,0,0,1,0,0,0
439,0,2,0.10605065914155655,-0.48524508437008196,-0.5619402538416878,-4,0,0,1,0,1,0,0,1,0,0,0
440,1,2,1.1841316103929096,-0.10255224007380938,0.6750263670371579,-4,0,0,1,1,0,0,0,0,1,0,0
441,0,3,-0.741012945413078,-0.5095430427380992,-0.5619402538416878,-4,0,0,1,0,1,0,0,1,0,0,0
442,0,3,-0.3559840342518805,-0.551457020922929,0.0565430565977351,-4,0,0,1,0,1,0,0,1,0,0,0
443,1,2,-0.12496668755516198,-0.4245001884500387,-0.5619402538416878,-4,0,0,1,1,0,0,0,0,1,0,0
444,1,3,0.0014839450466178506,-0.5432564599737232,-0.5619402538416878,-4,0,0,1,0,1,0,0,1,0,0,0
445,1,1,-1.9731054611289103,1.2486159182424073,0.6750263670371579,3,0,0,1,0,1,1,0,0,0,0,0
446,1,2,-1.2800534210387546,-0.26656345905792617,0.0565430565977351,-4,0,0,1,1,0,0,1,0,0,0,0
447,1,1,0.33706800583827506,-0.09526285256340417,-0.5619402538416878,-4,0,0,1,0,1,0,0,1,0,0,0
448,1,3,-1.8960996788966706,-0.272436275595476,1.2935096774765809,-4,1,0,0,1,0,0,1,0,0,0,0
449,1,1,1.7231720860185862,0.0007140829902641737,-0.5619402538416878,1,0,0,1,0,1,0,0,0,0,0,1
450,0,2,0.49107957030275406,-0.06610530252178341,1.2935096774765809,-4,0,0,1,0,1,0,0,1,0,0,0
451,0,3,0.0014839450466178506,-0.25522360188757254,0.0565430565977351,-4,0,0,1,0,1,0,0,1,0,0,0
452,0,1,0.02904487690931704,-0.06610530252178341,-0.5619402538416878,1,1,0,0,0,1,0,0,1,0,0,0
453,1,1,1.4921547393218677,1.424676494781224,0.0565430565977351,1,1,0,0,0,1,0,0,1,0,0,0
454,0,3,0.0014839450466178506,-0.5447750823717243,-0.5619402538416878,-4,0,0,1,0,1,0,0,1,0,0,0
455,1,3,-0.04796090532292247,-0.5485218275520726,-0.5619402538416878,-4,1,0,0,0,1,0,0,1,0,0,0
456,0,1,2.7242472550377,-0.09526285256340417,-0.5619402538416878,-1,0,0,1,0,1,0,0,1,0,0,0
457,1,1,0.0014839450466178506,0.5197792186270338,0.0565430565977351,0,0,0,1,1,0,0,0,0,1,0,0
458,1,2,1.5691605215541071,-0.48524508437008196,-0.5619402538416878,-4,0,0,1,1,0,0,1,0,0,0,0
459,0,3,0.0014839450466178506,-0.5520644698821295,-0.5619402538416878,-4,0,1,0,0,1,0,0,1,0,0,0
460,1,1,1.4151489570896283,-0.09526285256340417,-0.5619402538416878,-1,0,0,1,0,1,0,0,1,0,0,0
461,0,3,0.33706800583827506,-0.5447750823717243,-0.5619402538416878,-4,0,0,1,0,1,0,0,1,0,0,0
462,0,1,1.3381431748573887,0.19509774993440263,-0.5619402538416878,-1,0,0,1,0,1,0,0,1,0,0,0
463,0,2,1.4151489570896283,-0.4245001884500387,-0.5619402538416878,-4,0,0,1,0,1,0,0,1,0,0,0
464,0,3,0.0014839450466178506,-0.5447750823717243,-0.5619402538416878,-4,0,0,1,0,1,0,0,1,0,0,0
465,0,3,0.6450911347672331,-0.5690730407397416,-0.5619402538416878,-4,0,0,1,0,1,0,0,1,0,0,0
466,0,2,0.0014839450466178506,-0.7403736472342637,-0.5619402538416878,-4,0,0,1,0,1,0,0,1,0,0,0
467,0,1,2.031195214947544,-0.09526285256340417,-0.5619402538416878,-4,0,0,1,0,1,0,0,1,0,0,0
468,0,3,0.0014839450466178506,-0.55267191884133,-0.5619402538416878,-4,0,1,0,0,1,0,0,1,0,0,0
469,1,3,-2.2233742533836884,-0.272436275595476,1.2935096774765809,-4,1,0,0,1,0,0,1,0,0,0,0
470,0,3,0.0014839450466178506,-0.5642134490661381,-0.5619402538416878,-4,0,0,1,0,1,0,0,1,0,0,0
471,0,3,0.6450911347672331,-0.5298925828713138,-0.5619402538416878,-4,0,0,1,0,1,0,0,1,0,0,0
472,1,2,0.26006222360603554,-0.06610530252178341,1.2935096774765809,-4,0,0,1,1,0,0,0,0,1,0,0
473,1,2,-0.5099955987163595,-0.40526349481007934,-0.5619402538416878,0,1,0,0,1,0,0,0,0,1,0,0
474,0,3,-0.587001380948599,-0.5013424817888934,-0.5619402538416878,-4,0,0,1,1,0,0,1,0,0,0,0
475,0,1,0.0014839450466178506,0.5231201879026363,-0.5619402538416878,3,0,0,1,0,1,0,0,1,0,0,0
476,0,2,0.33706800583827506,-0.23011652150590023,0.0565430565977351,-4,0,0,1,0,1,0,0,1,0,0,0
477,0,3,-0.04796090532292247,-0.5691750921648873,0.0565430565977351,-4,0,0,1,0,1,0,0,1,0,0,0
478,0,3,-0.587001380948599,-0.5576335619400791,-0.5619402538416878,-4,0,0,1,0,1,0,0,1,0,0,0
479,1,3,-2.1271170255933893,-0.4418124837872511,0.0565430565977351,-4,0,0,1,1,0,0,1,0,0,0,0
480,0,3,-1.5880765499677125,0.39920060022574794,3.7674429192342718,-4,0,0,1,0,1,1,0,0,0,0,0
481,0,2,0.0014839450466178506,-0.7403736472342637,-0.5619402538416878,-4,0,0,1,0,1,0,0,1,0,0,0
482,0,3,1.5691605215541071,-0.5447750823717243,-0.5619402538416878,-4,0,0,1,0,1,0,0,1,0,0,0
483,1,3,2.5702356905732207,-0.5074169713808977,-0.5619402538416878,-4,0,0,1,1,0,0,0,0,1,0,0
484,1,1,-0.3559840342518805,1.4726649625580581,0.0565430565977351,2,1,0,0,0,1,0,0,1,0,0,0
485,0,3,0.0014839450466178506,-0.12158483086347735,1.9119929879160036,-4,0,0,1,1,0,0,1,0,0,0,0
486,1,1,0.4140737880705146,1.4464426058872937,0.0565430565977351,1,0,0,1,1,0,0,0,0,1,0,0
487,0,1,2.1852067794120233,-0.018724283704149688,-0.5619402538416878,2,1,0,0,0,1,0,0,1,0,0,0
488,0,3,0.02904487690931704,-0.5447750823717243,-0.5619402538416878,-4,0,0,1,0,1,0,0,1,0,0,0
489,1,3,-1.5880765499677125,-0.3540361091827885,0.6750263670371579,-4,0,0,1,0,1,1,0,0,0,0,0
490,0,3,0.0014839450466178506,-0.25522360188757254,0.0565430565977351,-4,0,0,1,0,1,0,0,1,0,0,0
491,0,3,-0.6640071631808385,-0.5642134490661381,-0.5619402538416878,-4,0,0,1,0,1,0,0,1,0,0,0
492,0,1,1.9541894327153047,0.0007140829902641737,-0.5619402538416878,1,0,0,1,0,1,0,0,1,0,0,0
493,0,1,3.186281948431137,0.4624773434077386,-0.5619402538416878,-4,1,0,0,0,1,0,0,1,0,0,0
494,0,3,-0.6640071631808385,-0.5447750823717243,-0.5619402538416878,-4,0,0,1,0,1,0,0,1,0,0,0
495,0,3,0.0014839450466178506,-0.3890664757619591,-0.5619402538416878,-4,1,0,0,0,1,0,0,1,0,0,0
496,1,1,1.8771836504830652,1.1613473709678364,0.0565430565977351,0,1,0,0,1,0,0,1,0,0,0,0
497,0,3,0.0014839450466178506,-0.37347447587720234,-0.5619402538416878,-4,0,0,1,0,1,0,0,1,0,0,0
498,0,1,-0.3559840342518805,2.9419819434387593,1.2935096774765809,1,0,0,1,1,0,0,0,0,1,0,0
499,0,3,-0.43298981648412,-0.5509516233888744,-0.5619402538416878,-4,0,0,1,0,1,0,0,1,0,0,0
500,0,3,-0.9720302921097965,-0.5298925828713138,-0.5619402538416878,-4,0,0,1,0,1,0,0,1,0,0,0
501,0,3,-0.6640071631808385,-0.5520644698821295,-0.5619402538416878,-4,0,1,0,1,0,0,1,0,0,0,0
502,0,3,0.0014839450466178506,-0.554999663252986,-0.5619402538416878,-4,0,1,0,1,0,0,1,0,0,0,0
503,0,3,0.5680853525349936,-0.5074169713808977,-0.5619402538416878,-4,0,0,1,1,0,0,1,0,0,0,0
504,1,1,-1.0490360743420362,1.361399751599233,-0.5619402538416878,2,0,0,1,1,0,0,1,0,0,0,0
505,0,1,-0.8950245098775571,1.905674019042821,0.0565430565977351,1,1,0,0,0,1,0,0,1,0,0,0
506,1,2,0.26006222360603554,-0.1086267296658137,0.6750263670371579,-4,0,0,1,1,0,0,0,0,1,0,0
507,1,1,0.0014839450466178506,-0.09526285256340417,-0.5619402538416878,-4,0,0,1,0,1,0,0,1,0,0,0
508,0,3,-0.12496668755516198,-0.19306213499467387,-0.5619402538416878,-4,0,0,1,0,1,0,0,1,0,0,0
509,1,3,-0.278978252019641,0.6323589491335685,-0.5619402538416878,-4,0,0,1,0,1,0,0,1,0,0,0
510,1,3,-0.04796090532292247,-0.5520644698821295,-0.5619402538416878,-4,0,1,0,0,1,0,0,1,0,0,0
511,0,3,0.0014839450466178506,-0.5447750823717243,-0.5619402538416878,-4,0,0,1,0,1,0,0,1,0,0,0
512,1,1,0.49107957030275406,-0.10164106663500869,-0.5619402538416878,-1,0,0,1,0,1,0,0,1,0,0,0
513,1,1,1.8771836504830652,0.7029250798259643,0.0565430565977351,-4,1,0,0,1,0,0,0,0,1,0,0
514,0,3,-0.43298981648412,-0.5582410108992796,-0.5619402538416878,-4,0,0,1,0,1,0,0,1,0,0,0
515,0,1,1.3381431748573887,0.08626233481237953,-0.5619402538416878,0,0,0,1,0,1,0,0,1,0,0,0
516,1,2,0.33706800583827506,-0.48524508437008196,-0.5619402538416878,-2,0,0,1,1,0,0,0,0,1,0,0
517,0,3,0.0014839450466178506,-0.15357795264664575,-0.5619402538416878,-4,0,1,0,0,1,0,0,1,0,0,0
518,1,2,0.49107957030275406,-0.1086267296658137,0.0565430565977351,-4,0,0,1,1,0,0,0,0,1,0,0
519,0,3,0.18305644137379606,-0.5485218275520726,-0.5619402538416878,-4,0,0,1,0,1,0,0,1,0,0,0
520,1,1,0.02904487690931704,1.5314854601753543,-0.5619402538416878,2,0,0,1,1,0,0,1,0,0,0,0
521,0,3,-0.587001380948599,-0.5485218275520726,-0.5619402538416878,-4,0,0,1,0,1,0,0,1,0,0,0
522,0,3,0.0014839450466178506,-0.5648208980253386,-0.5619402538416878,-4,1,0,0,0,1,0,0,1,0,0,0
523,1,1,1.1071258281606702,0.6684025405766852,0.0565430565977351,2,1,0,0,1,0,0,0,0,1,0,0
524,0,3,0.0014839450466178506,-0.564718846600193,-0.5619402538416878,-4,1,0,0,0,1,0,0,1,0,0,0
525,0,3,0.8376055903478319,-0.5520644698821295,-0.5619402538416878,-4,0,1,0,0,1,0,0,1,0,0,0
526,1,2,1.5691605215541071,-0.48524508437008196,-0.5619402538416878,-4,0,0,1,1,0,0,1,0,0,0,0
527,0,1,0.0014839450466178506,4.64840812125792,-0.5619402538416878,1,0,0,1,0,1,0,0,1,0,0,0
528,0,3,0.7220969169994726,-0.5478123271677264,-0.5619402538416878,-4,0,0,1,0,1,0,0,1,0,0,0
529,0,2,-0.5099955987163595,-0.4609471260020646,1.2935096774765809,-4,0,0,1,0,1,0,0,1,0,0,0
530,1,2,-2.1271170255933893,-0.1086267296658137,0.6750263670371579,-4,0,0,1,1,0,0,1,0,0,0,0
531,0,3,0.0014839450466178506,-0.564718846600193,-0.5619402538416878,-4,1,0,0,0,1,0,0,1,0,0,0
532,0,3,-0.9720302921097965,-0.564718846600193,0.6750263670371579,-4,1,0,0,0,1,0,0,1,0,0,0
533,1,3,0.0014839450466178506,-0.19711260465462233,0.6750263670371579,-4,1,0,0,1,0,0,0,0,1,0,0
534,0,3,0.02904487690931704,-0.5298925828713138,-0.5619402538416878,-4,0,0,1,1,0,0,1,0,0,0,0
535,1,2,-1.7420881144321916,-0.10255224007380938,0.6750263670371579,-4,0,0,1,1,0,0,1,0,0,0,0
536,0,1,1.1841316103929096,-0.09526285256340417,-0.5619402538416878,2,0,0,1,0,1,0,0,0,0,0,1
537,1,1,0.02904487690931704,1.8455365720819779,-0.5619402538416878,-4,1,0,0,1,0,0,1,0,0,0,0
538,0,3,0.0014839450466178506,-0.38805325089801274,-0.5619402538416878,-4,0,0,1,0,1,0,0,1,0,0,0
539,1,1,-0.587001380948599,0.462375291982593,0.6750263670371579,2,1,0,0,1,0,0,1,0,0,0,0
540,1,1,0.49107957030275406,0.9847813968949649,0.6750263670371579,2,0,0,1,1,0,0,1,0,0,0,0
541,0,3,-1.5880765499677125,0.01954500072547755,3.1489596087948493,-4,0,0,1,1,0,0,1,0,0,0,0
542,0,3,-1.4340649855032337,0.01954500072547755,3.1489596087948493,-4,0,0,1,1,0,0,1,0,0,0,0
543,1,2,0.18305644137379606,-0.1086267296658137,0.0565430565977351,-4,0,0,1,0,1,0,0,1,0,0,0
544,0,1,1.5691605215541071,1.8455365720819779,0.0565430565977351,1,1,0,0,0,1,0,0,1,0,0,0
545,0,1,2.6472414728054603,-0.1086267296658137,-0.5619402538416878,-4,0,0,1,0,1,0,0,1,0,0,0
546,1,2,-0.8180187276453176,-0.1086267296658137,0.0565430565977351,-4,0,0,1,1,0,0,0,0,1,0,0
547,1,2,0.0014839450466178506,-0.4035431993576237,-0.5619402538416878,-4,1,0,0,0,1,0,0,1,0,0,0
548,0,3,0.26006222360603554,-0.24165805173070848,0.6750263670371579,-4,0,0,1,0,1,0,0,1,0,0,0
549,1,2,-1.6650823321999522,0.15257632279037234,0.6750263670371579,-4,0,0,1,0,1,1,0,0,0,0,0
550,1,1,-0.9720302921097965,1.9538641598741098,0.6750263670371579,1,1,0,0,0,1,0,0,1,0,0,0
551,0,2,-0.2019724697874015,-0.1086267296658137,-0.5619402538416878,-4,0,0,1,0,1,0,0,1,0,0,0
552,0,3,0.0014839450466178506,-0.5501400715793826,-0.5619402538416878,-4,0,1,0,0,1,0,0,1,0,0,0
553,1,3,-0.587001380948599,-0.5648208980253386,-0.5619402538416878,-4,1,0,0,0,1,0,0,1,0,0,0
554,1,3,-0.587001380948599,-0.551457020922929,-0.5619402538416878,-4,0,0,1,1,0,0,1,0,0,0,0
555,0,1,2.4932299083409815,-0.09526285256340417,-0.5619402538416878,-4,0,0,1,0,1,0,0,1,0,0,0
556,1,1,1.4151489570896283,0.2218255041392217,0.0565430565977351,3,1,0,0,1,0,0,0,0,0,1,0
557,0,1,0.0014839450466178506,4.788019330448874,-0.5619402538416878,-4,1,0,0,0,1,0,0,1,0,0,0
558,1,1,0.7220969169994726,1.1949587367783148,0.6750263670371579,-1,0,0,1,1,0,0,0,0,1,0,0
559,1,3,0.49107957030275406,-0.31758917163076256,0.0565430565977351,-4,0,0,1,1,0,0,0,0,1,0,0
560,0,3,0.0014839450466178506,-0.5520644698821295,-0.5619402538416878,-4,0,1,0,0,1,0,0,1,0,0,0
561,0,3,0.7991026992317121,-0.5485218275520726,-0.5619402538416878,-4,0,0,1,0,1,0,0,1,0,0,0
562,0,2,-0.12496668755516198,-0.41235120926603,-0.5619402538416878,-4,0,0,1,0,1,0,0,1,0,0,0
563,0,3,0.0014839450466178506,-0.5447750823717243,-0.5619402538416878,-4,0,0,1,0,1,0,0,1,0,0,0
564,0,3,0.0014839450466178506,-0.5447750823717243,-0.5619402538416878,-4,0,0,1,1,0,0,1,0,0,0,0
565,0,3,-0.43298981648412,-0.15357795264664575,0.6750263670371579,-4,0,0,1,0,1,0,0,1,0,0,0
566,0,3,-0.8180187276453176,-0.5485218275520726,-0.5619402538416878,-4,0,0,1,0,1,0,0,1,0,0,0
567,0,3,-0.04796090532292247,-0.22829417462829896,1.9119929879160036,-4,0,0,1,1,0,0,0,0,1,0,0
568,0,3,0.0014839450466178506,-0.564718846600193,-0.5619402538416878,-4,1,0,0,0,1,0,0,1,0,0,0
569,1,3,0.18305644137379606,-0.5495326226201822,-0.5619402538416878,-4,0,0,1,0,1,0,0,1,0,0,0
570,1,2,2.4932299083409815,-0.48524508437008196,-0.5619402538416878,-4,0,0,1,0,1,0,0,1,0,0,0
571,1,1,1.8001778682508258,0.5104658111845728,0.6750263670371579,1,0,0,1,1,0,0,0,0,1,0,0
572,1,1,0.49107957030275406,-0.09921127079820702,-0.5619402538416878,-1,0,0,1,0,1,0,0,1,0,0,0
573,1,3,0.0014839450466178506,-0.5520644698821295,-0.5619402538416878,-4,0,1,0,1,0,0,1,0,0,0,0
574,0,3,-1.0490360743420362,-0.5447750823717243,-0.5619402538416878,-4,0,0,1,0,1,0,0,1,0,0,0
575,0,3,-0.8180187276453176,-0.38805325089801274,-0.5619402538416878,-4,0,0,1,0,1,0,0,1,0,0,0
576,1,2,0.33706800583827506,-0.4245001884500387,-0.5619402538416878,-4,0,0,1,1,0,0,1,0,0,0,0
577,1,1,0.7220969169994726,0.6178822255379037,0.0565430565977351,-1,0,0,1,1,0,0,0,0,1,0,0
578,0,3,0.0014839450466178506,-0.3890664757619591,0.0565430565977351,-4,1,0,0,1,0,0,0,0,1,0,0
579,1,3,0.18305644137379606,-0.5478123271677264,-0.5619402538416878,-4,0,0,1,0,1,0,0,1,0,0,0
580,1,2,-0.3559840342518805,-0.011434896193744479,0.6750263670371579,-4,0,0,1,1,0,0,1,0,0,0,0
581,1,1,0.7220969169994726,1.9538641598741098,0.6750263670371579,1,1,0,0,1,0,0,0,0,1,0,0
582,0,2,1.8771836504830652,-0.1086267296658137,-0.5619402538416878,-4,0,0,1,0,1,0,0,1,0,0,0
583,0,1,0.49107957030275406,0.23458193228243074,-0.5619402538416878,3,1,0,0,0,1,0,0,1,0,0,0
584,0,3,0.0014839450466178506,-0.5286776849529128,-0.5619402538416878,-4,1,0,0,0,1,0,0,1,0,0,0
585,1,1,-0.8950245098775571,1.1949587367783148,0.6750263670371579,-1,0,0,1,1,0,0,1,0,0,0,0
586,0,2,1.3381431748573887,-0.3759042717140041,-0.5619402538416878,-4,0,0,1,0,1,0,0,1,0,0,0
587,1,1,2.339218343876502,1.184024655512707,0.6750263670371579,2,1,0,0,0,1,0,0,1,0,0,0
588,0,3,-0.587001380948599,-0.5447750823717243,-0.5619402538416878,-4,0,0,1,0,1,0,0,1,0,0,0
589,0,3,0.0014839450466178506,-0.5447750823717243,-0.5619402538416878,-4,0,0,1,0,1,0,0,1,0,0,0
590,0,3,0.4140737880705146,-0.5672506938621403,-0.5619402538416878,-4,0,0,1,0,1,0,0,1,0,0,0
591,1,1,1.7231720860185862,1.1613473709678364,0.0565430565977351,0,1,0,0,1,0,0,0,0,1,0,0
592,0,3,1.3381431748573887,-0.5642134490661381,-0.5619402538416878,-4,0,0,1,0,1,0,0,1,0,0,0
593,0,3,0.0014839450466178506,-0.5520644698821295,0.6750263670371579,-4,0,1,0,1,0,0,1,0,0,0,0
594,0,2,0.5680853525349936,-0.1086267296658137,0.0565430565977351,-4,0,0,1,0,1,0,0,1,0,0,0
595,0,3,0.49107957030275406,-0.15357795264664575,0.6750263670371579,-4,0,0,1,0,1,0,0,1,0,0,0
596,1,2,0.0014839450466178506,0.06145897891030744,-0.5619402538416878,-4,0,0,1,1,0,0,1,0,0,0,0
597,0,3,1.4921547393218677,-0.7403736472342637,-0.5619402538416878,-4,0,0,1,0,1,0,0,1,0,0,0
598,0,3,0.0014839450466178506,-0.5648208980253386,-0.5619402538416878,-4,1,0,0,0,1,0,0,1,0,0,0
599,1,1,1.4921547393218677,0.6428896842902672,0.0565430565977351,3,1,0,0,0,1,0,0,0,0,1,0
600,1,2,-0.43298981648412,-0.0843287712977964,1.2935096774765809,-4,0,0,1,1,0,0,0,0,1,0,0
601,0,3,0.0014839450466178506,-0.5485218275520726,-0.5619402538416878,-4,0,0,1,0,1,0,0,1,0,0,0
602,0,1,0.0014839450466178506,0.28985978756967007,-0.5619402538416878,-4,0,0,1,0,1,0,0,1,0,0,0
603,0,3,1.1071258281606702,-0.5447750823717243,-0.5619402538416878,-4,0,0,1,0,1,0,0,1,0,0,0
604,1,1,0.4140737880705146,-0.09526285256340417,-0.5619402538416878,-4,1,0,0,0,1,0,0,1,0,0,0
605,0,3,0.49107957030275406,-0.36254039461159454,0.0565430565977351,-4,0,0,1,0,1,0,0,1,0,0,0
606,0,3,0.02904487690931704,-0.5485218275520726,-0.5619402538416878,-4,0,0,1,0,1,0,0,1,0,0,0
607,1,1,-0.2019724697874015,0.0007140829902641737,-0.5619402538416878,-4,0,0,1,0,1,0,0,1,0,0,0
608,1,2,-0.587001380948599,0.2699160233412015,1.2935096774765809,-4,1,0,0,1,0,0,0,0,1,0,0
609,1,1,0.7991026992317121,2.988451788817592,-0.5619402538416878,1,0,0,1,1,0,0,1,0,0,0,0
610,0,3,0.7220969169994726,0.01954500072547755,3.1489596087948493,-4,0,0,1,1,0,0,0,0,1,0,0
611,0,3,0.0014839450466178506,-0.5690730407397416,-0.5619402538416878,-4,0,0,1,0,1,0,0,1,0,0,0
612,1,3,0.0014839450466178506,-0.3637552925299954,0.0565430565977351,-4,0,1,0,1,0,0,1,0,0,0,0
613,0,3,0.0014839450466178506,-0.5520644698821295,-0.5619402538416878,-4,0,1,0,0,1,0,0,1,0,0,0
614,0,3,0.4140737880705146,-0.5447750823717243,-0.5619402538416878,-4,0,0,1,0,1,0,0,1,0,0,0
615,1,2,-0.43298981648412,0.8389936466868612,1.2935096774765809,-4,0,0,1,1,0,0,1,0,0,0,0
616,0,3,0.33706800583827506,-0.3904830467348144,0.6750263670371579,-4,0,0,1,0,1,0,0,1,0,0,0
617,0,3,-0.278978252019641,-0.349176517509185,0.0565430565977351,-4,0,0,1,1,0,0,0,0,1,0,0
618,1,2,-1.9731054611289103,0.20724672911841127,1.2935096774765809,-2,0,0,1,1,0,0,1,0,0,0,0
619,0,2,-0.278978252019641,-0.48524508437008196,-0.5619402538416878,-4,0,0,1,0,1,0,0,1,0,0,0
620,0,3,-0.2019724697874015,-0.3891660973912679,0.0565430565977351,-4,1,0,0,0,1,0,0,1,0,0,0
621,1,1,0.9531142636961911,0.5365861164301915,0.0565430565977351,0,0,0,1,0,1,0,0,1,0,0,0
622,1,3,-0.741012945413078,-0.35788247599244566,0.6750263670371579,-4,1,0,0,0,1,0,0,1,0,0,0
623,0,3,-0.6640071631808385,-0.5495326226201822,-0.5619402538416878,-4,0,0,1,0,1,0,0,1,0,0,0
624,0,3,-0.6640071631808385,-0.349176517509185,-0.5619402538416878,-4,0,0,1,0,1,0,0,1,0,0,0
625,0,1,2.416224126108742,0.044955805586750046,-0.5619402538416878,0,0,0,1,0,1,0,0,1,0,0,0
626,0,2,2.1082009971797837,-0.44029386138925,-0.5619402538416878,-4,0,1,0,0,1,0,0,0,0,0,1
627,1,1,-0.6640071631808385,1.1538538806071397,-0.5619402538416878,0,0,0,1,1,0,0,1,0,0,0,0
628,0,3,-0.278978252019641,-0.5485218275520726,-0.5619402538416878,-4,0,0,1,0,1,0,0,1,0,0,0
629,0,3,0.0014839450466178506,-0.5524702457868754,-0.5619402538416878,-4,0,1,0,0,1,0,0,1,0,0,0
630,1,1,3.8793339885212923,-0.011434896193744479,-0.5619402538416878,3,0,0,1,0,1,0,0,1,0,0,0
631,0,3,1.6461663037863468,-0.568970989314596,-0.5619402538416878,-4,0,0,1,0,1,0,0,1,0,0,0
632,1,1,0.18305644137379606,0.0007140829902641737,-0.5619402538416878,2,1,0,0,0,1,0,0,0,0,0,1
633,0,1,0.0014839450466178506,-0.7403736472342637,-0.5619402538416878,-4,0,0,1,0,1,0,0,1,0,0,0
634,0,3,-1.5880765499677125,-0.062460608766580855,2.5304762983554263,-4,0,0,1,1,0,0,1,0,0,0,0
635,1,2,-0.12496668755516198,-0.4245001884500387,-0.5619402538416878,-4,0,0,1,1,0,0,1,0,0,0,0
636,0,3,0.18305644137379606,-0.5478123271677264,-0.5619402538416878,-4,0,0,1,0,1,0,0,1,0,0,0
637,0,2,0.10605065914155655,-0.10255224007380938,0.6750263670371579,-4,0,0,1,0,1,0,0,1,0,0,0
638,0,3,0.8761084814639516,0.22395157549642317,2.5304762983554263,-4,0,0,1,1,0,0,0,0,1,0,0
639,0,3,0.0014839450466178506,-0.349176517509185,0.0565430565977351,-4,0,0,1,0,1,0,0,1,0,0,0
640,0,3,-0.741012945413078,-0.5495326226201822,-0.5619402538416878,-4,0,0,1,0,1,0,0,1,0,0,0
641,1,1,-0.43298981648412,0.9434748676693355,-0.5619402538416878,2,1,0,0,1,0,0,1,0,0,0,0
642,0,3,-2.1271170255933893,-0.062460608766580855,2.5304762983554263,-4,0,0,1,1,0,0,1,0,0,0,0
643,1,3,0.0014839450466178506,0.6323589491335685,-0.5619402538416878,-4,0,0,1,0,1,0,0,1,0,0,0
644,1,3,-2.2233742533836884,-0.272436275595476,1.2935096774765809,-4,1,0,0,1,0,0,1,0,0,0,0
645,1,1,1.4151489570896283,1.1239892599770098,0.0565430565977351,0,1,0,0,0,1,0,0,1,0,0,0
646,0,3,-0.8180187276453176,-0.5485218275520726,-0.5619402538416878,-4,0,0,1,0,1,0,0,1,0,0,0
647,1,1,2.031195214947544,0.1222038748303507,-0.5619402538416878,3,1,0,0,0,1,0,0,0,0,0,1
648,0,3,0.0014839450466178506,-0.5569240615557329,-0.5619402538416878,-4,0,0,1,0,1,0,0,1,0,0,0
649,1,3,-0.5099955987163595,-0.5569240615557329,-0.5619402538416878,-4,0,0,1,1,0,0,1,0,0,0,0
650,0,3,0.0014839450466178506,-0.5485218275520726,-0.5619402538416878,-4,0,0,1,0,1,0,0,1,0,0,0
651,1,2,-0.8950245098775571,-0.18152060476986562,0.0565430565977351,-4,0,0,1,1,0,0,1,0,0,0,0
652,0,3,-0.6640071631808385,-0.5354616749292633,-0.5619402538416878,-4,0,0,1,0,1,0,0,1,0,0,0
653,1,3,0.0014839450466178506,-0.5501400715793826,-0.5619402538416878,-4,0,1,0,1,0,0,1,0,0,0,0
654,0,3,-0.8950245098775571,-0.5763624282501468,-0.5619402538416878,-4,0,1,0,1,0,0,1,0,0,0,0
655,0,2,-0.43298981648412,1.0455262928150082,0.6750263670371579,-4,0,0,1,0,1,0,0,1,0,0,0
656,0,3,0.0014839450466178506,-0.5485218275520726,-0.5619402538416878,-4,0,0,1,0,1,0,0,1,0,0,0
657,0,3,0.18305644137379606,-0.3637552925299954,0.6750263670371579,-4,0,1,0,1,0,0,0,0,1,0,0
658,0,2,-0.5099955987163595,-0.4245001884500387,-0.5619402538416878,-4,0,0,1,0,1,0,0,1,0,0,0
659,0,1,2.1852067794120233,2.011977586902897,0.6750263670371579,0,1,0,0,0,1,0,0,1,0,0,0
660,1,1,1.5691605215541071,2.5070484886512494,0.6750263670371579,-4,0,0,1,0,1,0,0,0,0,0,1
661,0,3,0.7991026992317121,-0.5648208980253386,-0.5619402538416878,-4,1,0,0,0,1,0,0,1,0,0,0
662,0,1,1.3381431748573887,-0.11864963749262088,-0.5619402538416878,-1,0,0,1,0,1,0,0,1,0,0,0
663,0,3,0.49107957030275406,-0.5582410108992796,-0.5619402538416878,-4,0,0,1,0,1,0,0,1,0,0,0
664,1,3,-0.741012945413078,-0.5478123271677264,0.0565430565977351,-4,0,0,1,0,1,0,0,1,0,0,0
665,0,2,0.18305644137379606,1.0455262928150082,0.6750263670371579,-4,0,0,1,0,1,0,0,1,0,0,0
666,0,2,-0.3559840342518805,-0.4245001884500387,-0.5619402538416878,-4,0,0,1,0,1,0,0,1,0,0,0
667,0,3,0.0014839450466178506,-0.551457020922929,-0.5619402538416878,-4,0,0,1,0,1,0,0,1,0,0,0
668,0,3,1.0301200459284305,-0.5447750823717243,-0.5619402538416878,-4,0,0,1,0,1,0,0,1,0,0,0
669,1,1,0.0014839450466178506,0.5231201879026363,0.0565430565977351,1,0,0,1,1,0,0,0,0,1,0,0
670,1,2,0.7991026992317121,0.20724672911841127,0.6750263670371579,-4,0,0,1,1,0,0,0,0,1,0,0
671,0,1,0.10605065914155655,0.5231201879026363,0.0565430565977351,2,0,0,1,0,1,0,0,1,0,0,0
672,0,2,3.1092761661988972,-0.48524508437008196,-0.5619402538416878,-4,0,0,1,0,1,0,0,1,0,0,0
673,1,2,0.10605065914155655,-0.4245001884500387,-0.5619402538416878,-4,0,0,1,0,1,0,0,1,0,0,0
674,0,2,0.0014839450466178506,-0.7403736472342637,-0.5619402538416878,-4,0,0,1,0,1,0,0,1,0,0,0
675,0,3,-0.8950245098775571,-0.551457020922929,-0.5619402538416878,-4,0,0,1,0,1,0,0,1,0,0,0
676,0,3,-0.39448692536800023,-0.5447750823717243,-0.5619402538416878,-4,0,0,1,0,1,0,0,1,0,0,0
677,1,3,-0.8950245098775571,-0.5012404303637478,-0.5619402538416878,-4,0,0,1,1,0,0,1,0,0,0,0
678,0,3,1.0301200459284305,0.39920060022574794,3.7674429192342718,-4,0,0,1,1,0,0,0,0,1,0,0
680,0,3,0.0014839450466178506,-0.5426490110145228,-0.5619402538416878,-4,0,1,0,1,0,0,1,0,0,0,0
681,1,1,-0.2019724697874015,1.1239892599770098,-0.5619402538416878,0,1,0,0,0,1,0,0,1,0,0,0
682,0,3,-0.741012945413078,-0.516224981289304,-0.5619402538416878,-4,0,0,1,0,1,0,0,1,0,0,0
683,0,3,-1.203047638806515,0.39920060022574794,3.7674429192342718,-4,0,0,1,0,1,0,0,1,0,0,0
684,0,2,2.339218343876502,0.20724672911841127,0.6750263670371579,-4,0,0,1,0,1,0,0,1,0,0,0
685,0,2,-0.3559840342518805,0.2699160233412015,1.2935096774765809,-4,1,0,0,0,1,0,0,1,0,0,0
686,0,3,-1.203047638806515,0.22395157549642317,2.5304762983554263,-4,0,0,1,0,1,0,0,1,0,0,0
687,0,3,-0.8180187276453176,-0.49324397226483324,-0.5619402538416878,-4,0,0,1,0,1,0,0,1,0,0,0
688,0,3,-0.8950245098775571,-0.5509516233888744,-0.5619402538416878,-4,0,0,1,0,1,0,0,1,0,0,0
689,1,1,-1.1260418565742756,4.3946961293665945,0.0565430565977351,2,0,0,1,1,0,0,1,0,0,0,0
690,1,1,0.10605065914155655,0.6446099797427227,0.0565430565977351,2,0,0,1,0,1,0,0,1,0,0,0
691,1,3,-1.9731054611289103,-0.4143752291980858,0.0565430565977351,-4,1,0,0,1,0,0,1,0,0,0,0
692,1,3,0.0014839450466178506,0.6323589491335685,-0.5619402538416878,-4,0,0,1,0,1,0,0,1,0,0,0
693,0,3,-0.3559840342518805,-0.5648208980253386,-0.5619402538416878,-4,1,0,0,0,1,0,0,1,0,0,0
694,0,1,2.339218343876502,-0.09526285256340417,-0.5619402538416878,-4,0,0,1,0,1,0,0,0,0,0,1
695,0,2,1.7231720860185862,-0.41235120926603,-0.5619402538416878,-4,0,0,1,0,1,0,0,1,0,0,0
696,0,3,1.1071258281606702,-0.5447750823717243,-0.5619402538416878,-4,0,0,1,0,1,0,0,1,0,0,0
697,1,3,0.0014839450466178506,-0.5524702457868754,-0.5619402538416878,-4,0,1,0,1,0,0,1,0,0,0,0
698,0,1,1.4921547393218677,1.9538641598741098,0.6750263670371579,1,1,0,0,0,1,0,0,1,0,0,0
699,0,3,0.9531142636961911,-0.5544942657189312,-0.5619402538416878,-2,0,0,1,0,1,0,0,1,0,0,0
700,1,1,-0.8950245098775571,4.788019330448874,0.0565430565977351,1,1,0,0,1,0,0,0,0,1,0,0
701,1,1,0.4140737880705146,-0.10164106663500869,-0.5619402538416878,-1,0,0,1,0,1,0,0,1,0,0,0
702,0,3,-0.8950245098775571,-0.3891660973912679,0.0565430565977351,-4,1,0,0,1,0,0,1,0,0,0,0
703,0,3,-0.3559840342518805,-0.5522661429365842,-0.5619402538416878,-4,0,1,0,0,1,0,0,1,0,0,0
704,0,3,-0.278978252019641,-0.5495326226201822,0.0565430565977351,-4,0,0,1,0,1,0,0,1,0,0,0
705,0,2,0.7220969169994726,-0.1086267296658137,-0.5619402538416878,-4,0,0,1,0,1,0,0,1,0,0,0
706,1,2,1.1841316103929096,-0.41235120926603,-0.5619402538416878,-4,0,0,1,1,0,0,0,0,1,0,0
707,1,1,0.9531142636961911,-0.10164106663500869,-0.5619402538416878,-1,0,0,1,0,1,0,0,1,0,0,0
708,1,1,-0.587001380948599,2.9419819434387593,-0.5619402538416878,-4,0,0,1,1,0,0,1,0,0,0,0
709,1,3,0.0014839450466178506,-0.36993183354714543,0.6750263670371579,-4,1,0,0,0,1,1,0,0,0,0,0
710,1,1,-0.43298981648412,0.4624773434077386,-0.5619402538416878,1,1,0,0,1,0,0,1,0,0,0,0
711,0,1,0.0014839450466178506,-0.09526285256340417,-0.5619402538416878,1,0,0,1,0,1,0,0,1,0,0,0
712,1,1,1.4151489570896283,0.5231201879026363,0.0565430565977351,1,0,0,1,0,1,0,0,1,0,0,0
713,0,3,-0.04796090532292247,-0.5099488186428451,-0.5619402538416878,-4,0,0,1,0,1,0,0,1,0,0,0
714,0,2,1.7231720860185862,-0.4245001884500387,-0.5619402538416878,-4,0,0,1,0,1,0,0,1,0,0,0
715,0,3,-0.8180187276453176,-0.5544942657189312,-0.5619402538416878,-2,0,0,1,0,1,0,0,1,0,0,0
716,1,1,0.6450911347672331,4.788019330448874,-0.5619402538416878,1,1,0,0,1,0,0,1,0,0,0,0
717,1,2,-0.2019724697874015,-0.48524508437008196,-0.5619402538416878,-1,0,0,1,1,0,0,1,0,0,0,0
718,0,3,0.0014839450466178506,-0.3637552925299954,-0.5619402538416878,-4,0,1,0,0,1,0,0,1,0,0,0
719,0,3,0.26006222360603554,-0.551457020922929,-0.5619402538416878,-4,0,0,1,0,1,0,0,1,0,0,0
720,1,2,-1.8190938966644312,0.06145897891030744,0.0565430565977351,-4,0,0,1,1,0,0,1,0,0,0,0
721,0,3,-0.9720302921097965,-0.568970989314596,0.0565430565977351,-4,0,0,1,0,1,0,0,1,0,0,0
722,0,2,0.33706800583827506,-0.4245001884500387,-0.5619402538416878,-4,0,0,1,0,1,0,0,1,0,0,0
723,0,2,1.5691605215541071,-0.4245001884500387,-0.5619402538416878,-4,0,0,1,0,1,0,0,1,0,0,0
724,1,1,-0.2019724697874015,0.5498479421074554,0.0565430565977351,-1,0,0,1,0,1,0,0,1,0,0,0
725,0,3,-0.741012945413078,-0.5298925828713138,-0.5619402538416878,-4,0,0,1,0,1,0,0,1,0,0,0
726,1,2,0.02904487690931704,-0.23011652150590023,1.2935096774765809,-4,0,0,1,1,0,0,0,0,1,0,0
727,1,3,0.0014839450466178506,-0.5523681943617297,-0.5619402538416878,-4,0,1,0,1,0,0,1,0,0,0,0
728,0,2,-0.3559840342518805,-0.1086267296658137,0.0565430565977351,-4,0,0,1,0,1,0,0,1,0,0,0
729,0,3,-0.3559840342518805,-0.5478123271677264,0.0565430565977351,-4,0,0,1,1,0,0,1,0,0,0,0
730,1,1,-0.04796090532292247,4.3946961293665945,-0.5619402538416878,2,0,0,1,1,0,0,1,0,0,0,0
731,0,3,-1.4340649855032337,-0.28387575439513846,-0.5619402538416878,-4,1,0,0,0,1,0,0,1,0,0,0
732,0,2,0.0014839450466178506,-0.7403736472342637,-0.5619402538416878,-4,0,0,1,0,1,0,0,1,0,0,0
733,0,2,-0.5099955987163595,-0.4245001884500387,-0.5619402538416878,-4,0,0,1,0,1,0,0,1,0,0,0
734,0,2,-0.5099955987163595,-0.4245001884500387,-0.5619402538416878,-4,0,0,1,0,1,0,0,1,0,0,0
735,0,3,-0.08646379643904223,-0.349176517509185,-0.5619402538416878,-4,0,0,1,0,1,0,0,1,0,0,0
736,0,3,1.4151489570896283,0.09486867166633123,1.9119929879160036,-4,0,0,1,1,0,0,0,0,1,0,0
738,0,3,0.0014839450466178506,-0.5485218275520726,-0.5619402538416878,-4,0,0,1,0,1,0,0,1,0,0,0
739,0,3,0.0014839450466178506,-0.5485218275520726,-0.5619402538416878,-4,0,0,1,0,1,0,0,1,0,0,0
740,1,1,0.0014839450466178506,-0.011434896193744479,-0.5619402538416878,0,0,0,1,0,1,0,0,1,0,0,0
741,0,1,0.49107957030275406,1.1755203700839008,0.0565430565977351,1,0,0,1,0,1,0,0,1,0,0,0
742,1,1,-0.6640071631808385,5.634803179574277,1.9119929879160036,2,1,0,0,1,0,0,1,0,0,0,0
743,0,3,-0.43298981648412,-0.349176517509185,0.0565430565977351,-4,0,0,1,0,1,0,0,1,0,0,0
744,1,3,0.10605065914155655,-0.5478123271677264,-0.5619402538416878,-4,0,0,1,0,1,0,0,1,0,0,0
745,0,1,3.1092761661988972,0.9847813968949649,0.6750263670371579,2,0,0,1,0,1,0,0,0,0,0,1
746,0,3,-1.0490360743420362,-0.2483399902819132,0.6750263670371579,-4,0,0,1,0,1,0,0,1,0,0,0
747,1,2,0.02904487690931704,-0.4245001884500387,-0.5619402538416878,-4,0,0,1,1,0,0,1,0,0,0,0
748,0,1,-0.8180187276453176,0.5498479421074554,0.0565430565977351,0,0,0,1,0,1,0,0,1,0,0,0
749,0,3,0.10605065914155655,-0.5520644698821295,-0.5619402538416878,-4,0,1,0,0,1,0,0,1,0,0,0
750,1,2,-1.9731054611289103,-0.18152060476986562,0.6750263670371579,-4,0,0,1,1,0,0,1,0,0,0,0
751,1,3,-1.8190938966644312,-0.4372566165932478,0.0565430565977351,-1,0,0,1,0,1,1,0,0,0,0,0
752,0,3,0.26006222360603554,-0.5095430427380992,-0.5619402538416878,-4,0,0,1,0,1,0,0,1,0,0,0
753,0,3,-0.5099955987163595,-0.5485218275520726,-0.5619402538416878,-4,0,0,1,0,1,0,0,1,0,0,0
754,1,2,1.4151489570896283,0.8389936466868612,1.2935096774765809,-4,0,0,1,1,0,0,0,0,1,0,0
755,1,2,-2.229534715962268,-0.38805325089801274,0.6750263670371579,-4,0,0,1,0,1,1,0,0,0,0,0
756,0,3,-0.12496668755516198,-0.5509516233888744,-0.5619402538416878,-4,0,0,1,0,1,0,0,1,0,0,0
757,0,2,-0.8950245098775571,-0.4609471260020646,-0.5619402538416878,-4,0,0,1,0,1,0,0,1,0,0,0
758,0,3,0.33706800583827506,-0.5447750823717243,-0.5619402538416878,-4,0,0,1,0,1,0,0,1,0,0,0
759,1,1,0.26006222360603554,1.361399751599233,-0.5619402538416878,2,0,0,1,1,0,0,0,0,0,1,0
760,0,3,0.0014839450466178506,-0.38805325089801274,-0.5619402538416878,-4,0,0,1,0,1,0,0,1,0,0,0
761,0,3,0.8761084814639516,-0.5672506938621403,-0.5619402538416878,-4,0,0,1,0,1,0,0,1,0,0,0
762,1,3,-0.741012945413078,-0.564718846600193,-0.5619402538416878,-4,1,0,0,0,1,0,0,1,0,0,0
763,1,1,0.49107957030275406,2.175381356927813,1.2935096774765809,2,0,0,1,1,0,0,0,0,1,0,0
764,0,3,-1.0490360743420362,-0.551457020922929,-0.5619402538416878,-4,0,0,1,0,1,0,0,1,0,0,0
765,1,1,1.6461663037863468,1.1538538806071397,0.0565430565977351,0,0,0,1,1,0,0,0,0,1,0,0
766,0,1,0.0014839450466178506,0.2218255041392217,-0.5619402538416878,-4,1,0,0,0,1,0,0,0,0,0,1
767,0,3,0.0675477680254368,-0.5520644698821295,-0.5619402538416878,-4,0,1,0,1,0,0,1,0,0,0,0
768,0,3,0.0014839450466178506,-0.15357795264664575,0.0565430565977351,-4,0,1,0,0,1,0,0,1,0,0,0
769,0,3,0.18305644137379606,-0.5371819703817189,-0.5619402538416878,-4,0,0,1,0,1,0,0,1,0,0,0
770,0,3,-0.43298981648412,-0.5095430427380992,-0.5619402538416878,-4,0,0,1,0,1,0,0,1,0,0,0
771,0,3,1.4151489570896283,-0.5495326226201822,-0.5619402538416878,-4,0,0,1,0,1,0,0,1,0,0,0
772,0,2,2.1082009971797837,-0.48524508437008196,-0.5619402538416878,-1,0,0,1,1,0,0,0,0,1,0,0
773,0,3,0.0014839450466178506,-0.5648208980253386,-0.5619402538416878,-4,1,0,0,0,1,0,0,1,0,0,0
774,1,2,1.8771836504830652,-0.18152060476986562,1.9119929879160036,-4,0,0,1,1,0,0,0,0,1,0,0
775,0,3,-0.8950245098775571,-0.5520644698821295,-0.5619402538416878,-4,0,0,1,0,1,0,0,1,0,0,0
776,0,3,0.0014839450466178506,-0.5520644698821295,-0.5619402538416878,-2,0,1,0,0,1,0,0,1,0,0,0
777,1,3,-1.8960996788966706,-0.4372566165932478,-0.5619402538416878,-4,0,0,1,1,0,0,1,0,0,0,0
778,0,3,0.0014839450466178506,-0.5523681943617297,-0.5619402538416878,-4,0,1,0,0,1,0,0,1,0,0,0
779,1,1,1.0301200459284305,4.3946961293665945,0.0565430565977351,2,0,0,1,1,0,0,0,0,1,0,0
780,1,3,-1.2800534210387546,-0.564718846600193,-0.5619402538416878,-4,1,0,0,1,0,0,1,0,0,0,0
781,1,1,-0.9720302921097965,0.6446099797427227,0.0565430565977351,2,0,0,1,1,0,0,0,0,1,0,0
782,0,1,-0.04796090532292247,-0.011434896193744479,-0.5619402538416878,0,0,0,1,0,1,0,0,1,0,0,0
783,0,3,0.0014839450466178506,-0.17058652350425785,1.2935096774765809,-4,0,0,1,0,1,0,0,1,0,0,0
784,0,3,-0.3559840342518805,-0.5690730407397416,-0.5619402538416878,-4,0,0,1,0,1,0,0,1,0,0,0
785,0,3,-0.3559840342518805,-0.5642134490661381,-0.5619402538416878,-4,0,0,1,0,1,0,0,1,0,0,0
786,1,3,-0.8950245098775571,-0.5582410108992796,-0.5619402538416878,-4,0,0,1,1,0,0,1,0,0,0,0
787,0,3,-1.6650823321999522,-0.03269560976575962,2.5304762983554263,-4,0,1,0,0,1,1,0,0,0,0,0
788,1,3,-2.2041228078256285,-0.2404431538123076,1.2935096774765809,-4,0,0,1,0,1,1,0,0,0,0,0
789,0,1,1.2611373926251492,1.184024655512707,-0.5619402538416878,2,1,0,0,0,1,0,0,1,0,0,0
790,0,3,0.0014839450466178506,-0.5520644698821295,-0.5619402538416878,-4,0,1,0,0,1,0,0,1,0,0,0
791,0,2,-1.0490360743420362,-0.1086267296658137,-0.5619402538416878,-4,0,0,1,0,1,0,0,1,0,0,0
792,0,3,0.0014839450466178506,0.9495493572613398,5.622892850552541,-4,0,0,1,1,0,0,1,0,0,0,0
793,0,1,0.0014839450466178506,0.005471623238721923,-0.5619402538416878,-4,1,0,0,0,1,0,0,1,0,0,0
794,0,3,-0.3559840342518805,-0.5485218275520726,-0.5619402538416878,-4,0,0,1,0,1,0,0,1,0,0,0
795,0,2,0.7220969169994726,-0.4245001884500387,-0.5619402538416878,-4,0,0,1,0,1,0,0,1,0,0,0
796,1,1,1.4921547393218677,-0.11034702511826928,-0.5619402538416878,0,0,0,1,1,0,0,0,0,0,0,1
797,1,3,0.10605065914155655,-0.529387185337259,-0.5619402538416878,-4,0,0,1,1,0,0,0,0,1,0,0
798,0,3,0.02904487690931704,-0.564718846600193,-0.5619402538416878,-4,1,0,0,0,1,0,0,1,0,0,0
799,0,3,0.02904487690931704,-0.15357795264664575,0.6750263670371579,-4,0,0,1,1,0,0,0,0,1,0,0
800,0,2,0.33706800583827506,-0.4245001884500387,-0.5619402538416878,-4,0,0,1,0,1,0,0,1,0,0,0
801,1,2,0.10605065914155655,-0.10255224007380938,0.6750263670371579,-4,0,0,1,1,0,0,0,0,1,0,0
802,1,1,-1.4340649855032337,2.175381356927813,1.2935096774765809,2,0,0,1,0,1,1,0,0,0,0,0
803,1,3,-2.2487861615203273,-0.5334352252013707,0.0565430565977351,-4,1,0,0,0,1,1,0,0,0,0,0
804,1,3,-0.2019724697874015,-0.570895387617343,-0.5619402538416878,-4,0,0,1,0,1,0,0,1,0,0,0
805,0,3,0.10605065914155655,-0.551457020922929,-0.5619402538416878,-4,0,0,1,0,1,0,0,1,0,0,0
806,0,1,0.7220969169994726,-0.7403736472342637,-0.5619402538416878,3,0,0,1,0,1,0,0,1,0,0,0
807,0,3,-0.8950245098775571,-0.551457020922929,-0.5619402538416878,-4,0,0,1,1,0,0,1,0,0,0,0
808,0,2,0.7220969169994726,-0.4245001884500387,-0.5619402538416878,-4,0,0,1,0,1,0,0,1,0,0,0
809,1,1,0.26006222360603554,0.5498479421074554,0.0565430565977351,-1,0,0,1,1,0,0,0,0,1,0,0
810,0,3,-0.278978252019641,-0.5487235006065272,-0.5619402538416878,-4,0,0,1,0,1,0,0,1,0,0,0
811,0,3,0.7220969169994726,-0.15357795264664575,-0.5619402538416878,-4,0,0,1,0,1,0,0,1,0,0,0
812,0,2,0.4140737880705146,-0.48524508437008196,-0.5619402538416878,-4,0,0,1,0,1,0,0,1,0,0,0
813,0,3,-1.8190938966644312,0.01954500072547755,3.1489596087948493,-4,0,0,1,1,0,0,1,0,0,0,0
814,0,3,0.0675477680254368,-0.5447750823717243,-0.5619402538416878,-4,0,0,1,0,1,0,0,1,0,0,0
815,0,1,0.0014839450466178506,-0.7403736472342637,-0.5619402538416878,2,0,0,1,0,1,0,0,1,0,0,0
816,0,3,-0.5099955987163595,-0.5478123271677264,-0.5619402538416878,-4,0,0,1,1,0,0,1,0,0,0,0
817,0,2,0.10605065914155655,0.15875286380752227,0.6750263670371579,-4,1,0,0,0,1,0,0,1,0,0,0
818,0,3,1.0301200459284305,-0.583651815760552,-0.5619402538416878,-4,0,0,1,0,1,0,0,1,0,0,0
819,0,3,-1.511070767735473,-0.062460608766580855,2.5304762983554263,-4,0,0,1,0,1,1,0,0,0,0,0
820,1,1,1.7231720860185862,1.5314854601753543,0.6750263670371579,2,0,0,1,1,0,0,0,0,1,0,0
821,1,3,-0.2019724697874015,-0.5298925828713138,-0.5619402538416878,-4,0,0,1,0,1,0,0,1,0,0,0
822,0,1,0.6450911347672331,-0.7403736472342637,-0.5619402538416878,-4,0,0,1,0,1,0,0,0,0,1,0
823,1,3,-0.2019724697874015,-0.4372566165932478,0.0565430565977351,-1,0,0,1,1,0,0,0,0,1,0,0
824,0,3,-2.1271170255933893,0.22395157549642317,2.5304762983554263,-4,0,0,1,0,1,1,0,0,0,0,0
825,0,3,0.0014839450466178506,-0.5715028365765434,-0.5619402538416878,-4,0,1,0,0,1,0,0,1,0,0,0
826,0,3,0.0014839450466178506,0.6323589491335685,-0.5619402538416878,-4,0,0,1,0,1,0,0,1,0,0,0
827,1,2,-2.2041228078256285,0.15875286380752227,0.6750263670371579,-4,1,0,0,0,1,1,0,0,0,0,0
828,1,3,0.0014839450466178506,-0.5520644698821295,-0.5619402538416878,-4,0,1,0,0,1,0,0,1,0,0,0
830,1,3,-1.1260418565742756,-0.3891660973912679,0.0565430565977351,-4,1,0,0,1,0,0,0,0,1,0,0
831,1,2,-2.2172137908051095,-0.28478692783393916,0.6750263670371579,-4,0,0,1,0,1,1,0,0,0,0,0
832,0,3,0.0014839450466178506,-0.564718846600193,-0.5619402538416878,-4,1,0,0,0,1,0,0,1,0,0,0
833,0,3,-0.5099955987163595,-0.5495326226201822,-0.5619402538416878,-4,0,0,1,0,1,0,0,1,0,0,0
834,0,3,-0.8950245098775571,-0.53870059277972,-0.5619402538416878,-4,0,0,1,0,1,0,0,1,0,0,0
835,1,1,0.7220969169994726,1.2802032641208296,0.6750263670371579,-1,1,0,0,1,0,0,1,0,0,0,0
836,0,3,-0.6640071631808385,-0.5298925828713138,-0.5619402538416878,-4,0,0,1,0,1,0,0,1,0,0,0
837,0,3,0.0014839450466178506,-0.5447750823717243,-0.5619402538416878,-4,0,0,1,0,1,0,0,1,0,0,0
838,1,3,0.18305644137379606,0.6323589491335685,-0.5619402538416878,-4,0,0,1,0,1,0,0,1,0,0,0
839,1,1,0.0014839450466178506,-0.018724283704149688,-0.5619402538416878,1,1,0,0,0,1,0,0,1,0,0,0
840,0,3,-0.741012945413078,-0.5478123271677264,-0.5619402538416878,-4,0,0,1,0,1,0,0,1,0,0,0
841,0,2,-1.0490360743420362,-0.48524508437008196,-0.5619402538416878,-4,0,0,1,0,1,0,0,1,0,0,0
842,1,1,0.02904487690931704,0.012863062174272827,-0.5619402538416878,-4,1,0,0,1,0,0,1,0,0,0,0
843,0,3,0.37557089695439483,-0.5839555402401523,-0.5619402538416878,-4,1,0,0,0,1,0,0,1,0,0,0
844,0,3,-0.9720302921097965,-0.5298925828713138,-0.5619402538416878,-4,0,0,1,0,1,0,0,1,0,0,0
845,0,3,0.9531142636961911,-0.5569240615557329,-0.5619402538416878,-4,0,0,1,0,1,0,0,1,0,0,0
846,0,3,0.0014839450466178506,0.9495493572613398,5.622892850552541,-4,0,0,1,0,1,0,0,1,0,0,0
847,0,3,0.4140737880705146,-0.5485218275520726,-0.5619402538416878,-4,1,0,0,0,1,0,0,1,0,0,0
848,0,2,-0.12496668755516198,0.06145897891030744,0.0565430565977351,-4,0,0,1,0,1,0,0,0,0,0,1
849,1,1,0.0014839450466178506,1.424676494781224,0.0565430565977351,1,1,0,0,1,0,0,0,0,1,0,0
850,0,3,-1.9731054611289103,0.01954500072547755,3.1489596087948493,-4,0,0,1,0,1,1,0,0,0,0,0
851,0,3,3.4172992951278554,-0.551457020922929,-0.5619402538416878,-4,0,0,1,0,1,0,0,1,0,0,0
852,0,3,-1.5880765499677125,-0.36993183354714543,0.6750263670371579,-4,1,0,0,1,0,0,1,0,0,0,0
853,1,1,-1.0490360743420362,0.21696591246561817,0.0565430565977351,0,0,0,1,1,0,0,1,0,0,0,0
854,0,2,1.1071258281606702,-0.1086267296658137,0.0565430565977351,-4,0,0,1,1,0,0,0,0,1,0,0
855,1,3,-0.8950245098775571,-0.5131877364933018,0.0565430565977351,-4,0,0,1,1,0,0,0,0,1,0,0
856,1,1,1.1841316103929096,3.2655505656381356,0.6750263670371579,-4,0,0,1,1,0,0,0,0,1,0,0
857,1,1,1.6461663037863468,-0.09526285256340417,-0.5619402538416878,-1,0,0,1,0,1,0,0,1,0,0,0
858,1,3,-0.43298981648412,-0.272436275595476,1.2935096774765809,-4,1,0,0,1,0,0,0,0,1,0,0
859,0,3,0.0014839450466178506,-0.564718846600193,-0.5619402538416878,-4,1,0,0,0,1,0,0,1,0,0,0
860,0,3,0.8761084814639516,-0.3975707611907651,0.6750263670371579,-4,0,0,1,0,1,0,0,1,0,0,0
861,0,2,-0.6640071631808385,-0.4609471260020646,0.0565430565977351,-4,0,0,1,0,1,0,0,1,0,0,0
862,1,1,1.4151489570896283,-0.11034702511826928,-0.5619402538416878,0,0,0,1,1,0,0,0,0,1,0,0
863,0,3,0.0014839450466178506,0.9495493572613398,5.622892850552541,-4,0,0,1,1,0,0,1,0,0,0,0
864,0,2,-0.43298981648412,-0.4245001884500387,-0.5619402538416878,-4,0,0,1,0,1,0,0,1,0,0,0
865,1,2,0.9531142636961911,-0.4245001884500387,-0.5619402538416878,-4,0,0,1,1,0,0,0,0,1,0,0
866,1,2,-0.2019724697874015,-0.4036452507827694,0.0565430565977351,-4,1,0,0,1,0,0,1,0,0,0,0
867,0,1,0.10605065914155655,0.4865711989254647,-0.5619402538416878,3,0,0,1,0,1,0,0,1,0,0,0
868,0,3,0.0014839450466178506,-0.5095430427380992,-0.5619402538416878,-4,0,0,1,0,1,0,0,1,0,0,0
869,1,3,-1.9731054611289103,-0.46985718733561654,0.6750263670371579,-4,0,0,1,0,1,1,0,0,0,0,0
870,0,3,-0.278978252019641,-0.5485218275520726,-0.5619402538416878,-4,0,0,1,0,1,0,0,1,0,0,0
871,1,1,1.3381431748573887,0.5365861164301915,0.6750263670371579,0,0,0,1,1,0,0,0,0,1,0,0
872,0,1,0.26006222360603554,-0.6188838553941771,-0.5619402538416878,2,0,0,1,0,1,0,0,1,0,0,0
873,0,3,1.3381431748573887,-0.521692021922108,-0.5619402538416878,-4,0,0,1,0,1,0,0,1,0,0,0
874,1,2,-0.12496668755516198,-0.15722264640184833,0.0565430565977351,-4,1,0,0,1,0,0,0,0,1,0,0
875,1,3,-1.1260418565742756,-0.5648208980253386,-0.5619402538416878,-4,1,0,0,1,0,0,1,0,0,0,0
876,0,3,-0.741012945413078,-0.5011408087344389,-0.5619402538416878,-4,0,0,1,0,1,0,0,1,0,0,0
877,0,3,-0.8180187276453176,-0.5485218275520726,-0.5619402538416878,-4,0,0,1,0,1,0,0,1,0,0,0
878,0,3,0.0014839450466178506,-0.5485218275520726,-0.5619402538416878,-4,0,0,1,0,1,0,0,1,0,0,0
879,1,1,2.031195214947544,1.2802032641208296,0.0565430565977351,1,1,0,0,1,0,0,0,0,1,0,0
880,1,2,-0.3559840342518805,-0.1086267296658137,0.0565430565977351,-4,0,0,1,1,0,0,0,0,1,0,0
881,0,3,0.26006222360603554,-0.5485218275520726,-0.5619402538416878,-4,0,0,1,0,1,0,0,1,0,0,0
882,0,3,-0.587001380948599,-0.48483930846533607,-0.5619402538416878,-4,0,0,1,1,0,0,1,0,0,0,0
883,0,2,-0.12496668755516198,-0.48524508437008196,-0.5619402538416878,-4,0,0,1,0,1,0,0,1,0,0,0
884,0,3,-0.3559840342518805,-0.5690730407397416,-0.5619402538416878,-4,0,0,1,0,1,0,0,1,0,0,0
885,0,3,0.7220969169994726,-0.03269560976575962,2.5304762983554263,-4,0,1,0,1,0,0,0,0,1,0,0
886,0,2,-0.2019724697874015,-0.4245001884500387,-0.5619402538416878,-4,0,0,1,0,1,0,0,0,0,0,1
887,1,1,-0.8180187276453176,-0.011434896193744479,-0.5619402538416878,2,0,0,1,1,0,0,1,0,0,0,0
888,0,3,0.0014839450466178506,-0.17058652350425785,1.2935096774765809,-4,0,0,1,1,0,0,1,0,0,0,0
889,1,1,-0.278978252019641,-0.011434896193744479,-0.5619402538416878,1,1,0,0,0,1,0,0,1,0,0,0
890,0,3,0.18305644137379606,-0.5520644698821295,-0.5619402538416878,-4,0,1,0,0,1,0,0,1,0,0,0
