,class
5346,1
6773,1
6849,1
1815,3
8930,2
6879,1
5493,1
9351,2
7083,1
130,3
6500,1
9900,2
7011,1
7435,1
7982,2
8852,2
570,3
5260,1
3330,1
7518,1
6976,1
2779,0
5997,1
7710,1
2731,0
909,3
2354,0
6232,1
2417,0
5128,1
9696,2
8883,2
5006,1
2777,0
4656,1
884,3
1673,3
2771,0
9938,2
6336,1
8869,2
9999,2
901,3
5323,1
4943,1
3902,1
2837,0
9615,2
3627,1
4413,1
2576,0
7547,1
230,3
7945,1
1953,3
7292,1
8463,2
2541,0
6557,1
76,3
2416,0
1646,3
5049,1
9640,2
9882,2
2782,0
9730,2
9701,2
9287,2
9883,2
8289,2
9141,2
6728,1
771,3
2629,0
3081,1
4197,1
9456,2
3861,1
1089,3
9361,2
1182,3
9620,2
5692,1
7432,1
416,3
5629,1
4306,1
7849,1
2202,0
4896,1
9419,2
8526,2
4832,1
5930,1
63,3
5527,1
7575,1
3041,1
2039,3
146,3
9040,2
4673,1
3968,1
4146,1
7853,1
2173,0
7988,2
3653,1
5004,1
6836,1
2894,0
818,3
9637,2
9108,2
975,3
5112,1
9147,2
7064,1
9387,2
3852,1
4652,1
5791,1
7350,1
1702,3
117,3
5551,1
3225,1
2533,0
1632,3
6495,1
6756,1
4418,1
5255,1
2717,0
3764,1
5398,1
1354,3
7270,1
4492,1
3050,1
5246,1
2269,0
9992,2
957,3
7839,1
5450,1
4262,1
4074,1
186,3
7346,1
2017,3
8219,2
941,3
2080,3
3921,1
6774,1
3880,1
1270,3
993,3
1184,3
9100,2
2472,0
9435,2
6167,1
5806,1
6139,1
7714,1
9761,2
4692,1
4843,1
6652,1
9632,2
9733,2
8624,2
4428,1
4793,1
3364,1
1509,3
8129,2
3757,1
1206,3
2037,3
9187,2
8584,2
3434,1
53,3
3838,1
5272,1
7067,1
7782,1
8140,2
1629,3
4448,1
6842,1
8250,2
6303,1
2520,0
2046,3
19,3
4259,1
9053,2
2444,0
1476,3
5107,1
2553,0
641,3
9607,2
4980,1
8782,2
6110,1
9007,2
7530,1
9047,2
8188,2
5282,1
1110,3
3770,1
9603,2
9290,2
3989,1
5738,1
6126,1
1596,3
5417,1
8172,2
7700,1
243,3
2805,0
7711,1
8948,2
2816,0
7410,1
8344,2
4319,1
7923,1
8815,2
4721,1
1469,3
752,3
4290,1
5874,1
811,3
7017,1
2752,0
3615,1
7331,1
8832,2
1934,3
822,3
8976,2
8553,2
3964,1
8280,2
6247,1
2310,0
3133,1
9923,2
8954,2
9103,2
3279,1
1241,3
5241,1
8202,2
7599,1
2537,0
2139,3
245,3
6717,1
369,3
4187,1
8945,2
1377,3
1022,3
1597,3
7633,1
4982,1
1909,3
9270,2
5914,1
2794,0
697,3
4499,1
8232,2
7588,1
8111,2
7474,1
9675,2
6959,1
2508,0
3086,1
6535,1
3356,1
1979,3
5662,1
331,3
3462,1
2896,0
9475,2
9679,2
2815,0
2556,0
8480,2
4120,1
8405,2
2488,0
2810,0
748,3
7618,1
1658,3
6473,1
2990,1
1670,3
1996,3
1548,3
5989,1
781,3
5653,1
4315,1
8417,2
5512,1
5846,1
176,3
5225,1
2053,3
3236,1
5649,1
7111,1
6233,1
1113,3
2694,0
6211,1
7407,1
5359,1
7535,1
4303,1
1128,3
5577,1
5725,1
4056,1
7739,1
2934,0
1698,3
1375,3
7620,1
5800,1
8034,2
8332,2
9447,2
5192,1
4527,1
5466,1
8656,2
4669,1
2014,3
4702,1
4195,1
8802,2
9930,2
6597,1
8197,2
3856,1
3514,1
1477,3
1318,3
3324,1
6574,1
2535,0
2546,0
9514,2
8323,2
6067,1
3344,1
2900,0
7927,1
182,3
4198,1
1650,3
1890,3
9476,2
4115,1
4105,1
2433,0
191,3
8822,2
1156,3
5465,1
5812,1
159,3
6317,1
976,3
1371,3
9470,2
2872,0
9189,2
1990,3
8796,2
2018,3
3353,1
1788,3
5627,1
9373,2
569,3
4132,1
709,3
8105,2
5922,1
9684,2
4237,1
1624,3
2696,0
4024,1
4130,1
4278,1
8213,2
1728,3
9022,2
5915,1
9215,2
3950,1
405,3
2940,0
1971,3
8248,2
8373,2
4557,1
2975,1
9724,2
7073,1
2566,0
7683,1
9594,2
766,3
1661,3
3411,1
2856,0
3686,1
8916,2
2509,0
895,3
809,3
586,3
9277,2
6645,1
7178,1
705,3
8171,2
9473,2
6514,1
8415,2
6609,1
7372,1
7339,1
6250,1
2652,0
2339,0
5572,1
7501,1
3985,1
6447,1
5386,1
8117,2
1697,3
3858,1
9320,2
6422,1
2617,0
9851,2
599,3
5878,1
6440,1
5120,1
9410,2
7297,1
7915,1
8150,2
4483,1
654,3
1963,3
7281,1
8726,2
955,3
9400,2
3758,1
6795,1
4574,1
9700,2
4850,1
6391,1
3297,1
7664,1
7099,1
3010,1
1467,3
3118,1
5005,1
2621,0
5542,1
3937,1
9667,2
2430,0
1868,3
7545,1
6758,1
1586,3
3007,1
9425,2
7071,1
6587,1
8942,2
4815,1
6390,1
1177,3
1705,3
1578,3
1316,3
3651,1
7644,1
2101,3
1877,3
5545,1
2450,0
4866,1
1528,3
5892,1
8301,2
2235,0
9949,2
4145,1
7428,1
944,3
1243,3
2331,0
1878,3
3879,1
988,3
9474,2
2866,0
881,3
7980,2
5250,1
3860,1
5743,1
5823,1
2804,0
1392,3
4134,1
6981,1
1501,3
3207,1
8355,2
4318,1
3000,1
7039,1
6665,1
29,3
7249,1
3345,1
1585,3
2108,3
7688,1
1833,3
6358,1
8765,2
6702,1
9113,2
8771,2
1331,3
9741,2
937,3
4835,1
2984,1
5782,1
7816,1
1344,3
7314,1
2314,0
9626,2
8509,2
5822,1
2178,0
8606,2
7541,1
2355,0
5931,1
3611,1
8669,2
6202,1
9988,2
5420,1
1152,3
6749,1
7145,1
9866,2
2227,0
1074,3
9339,2
8703,2
1982,3
8674,2
961,3
3271,1
8245,2
5626,1
3700,1
9293,2
8406,2
2262,0
382,3
8794,2
5016,1
6798,1
6513,1
2987,1
4940,1
6033,1
7074,1
7290,1
9892,2
7152,1
8764,2
3063,1
9195,2
4276,1
3130,1
2163,0
1151,3
8114,2
6000,1
4170,1
9934,2
6257,1
7140,1
5045,1
1475,3
6553,1
7380,1
3273,1
9634,2
119,3
3779,1
6009,1
6785,1
2493,0
6162,1
9746,2
4107,1
479,3
6678,1
5281,1
706,3
7820,1
9049,2
9899,2
5541,1
8903,2
9556,2
443,3
5234,1
5273,1
2608,0
5783,1
1536,3
2189,0
3263,1
7863,1
5051,1
3435,1
4433,1
1234,3
2117,3
430,3
9303,2
7667,1
1751,3
4453,1
5055,1
8991,2
390,3
1314,3
6366,1
3906,1
8239,2
6727,1
6184,1
1428,3
3163,1
5266,1
108,3
1346,3
1599,3
1183,3
1595,3
4045,1
8115,2
4929,1
8530,2
5191,1
3574,1
1856,3
9623,2
4836,1
9138,2
7196,1
6827,1
7543,1
3787,1
2593,0
9368,2
2529,0
2570,0
5070,1
3889,1
6681,1
3953,1
5884,1
8820,2
4646,1
2956,1
3689,1
1966,3
1137,3
1159,3
3200,1
3262,1
7348,1
4053,1
5898,1
88,3
4062,1
6631,1
5008,1
4371,1
9257,2
121,3
3422,1
8540,2
725,3
1864,3
5837,1
6063,1
555,3
5471,1
3522,1
2776,0
8854,2
5844,1
6192,1
6859,1
940,3
9944,2
7864,1
3012,1
1694,3
5827,1
8722,2
1038,3
7699,1
5999,1
2238,0
7108,1
2784,0
5009,1
4704,1
2597,0
2991,1
8435,2
8665,2
4988,1
6870,1
4795,1
491,3
7224,1
2413,0
5267,1
3688,1
8294,2
2216,0
4909,1
7182,1
929,3
9395,2
2306,0
7799,1
9236,2
8716,2
2808,0
1374,3
394,3
2827,0
2182,0
4614,1
3936,1
962,3
8110,2
8087,2
7929,1
3944,1
3830,1
6829,1
721,3
7713,1
1648,3
9975,2
688,3
5062,1
4539,1
5932,1
8456,2
1058,3
9764,2
616,3
851,3
5748,1
2588,0
3113,1
225,3
6644,1
7888,1
6006,1
6179,1
5500,1
199,3
3799,1
9085,2
4082,1
4659,1
8866,2
1446,3
9143,2
6405,1
1983,3
5942,1
1100,3
5312,1
9849,2
9445,2
2344,0
332,3
7143,1
7893,1
3459,1
3821,1
9414,2
2073,3
8893,2
6968,1
9792,2
4773,1
2138,3
5963,1
5919,1
651,3
603,3
9350,2
1757,3
6946,1
2335,0
4196,1
1851,3
6400,1
8194,2
5929,1
2198,0
6530,1
8958,2
2424,0
6152,1
2317,0
8843,2
7077,1
2353,0
3549,1
2347,0
3255,1
8639,2
7798,1
1252,3
8240,2
5722,1
2246,0
8676,2
478,3
960,3
6342,1
3636,1
2830,0
261,3
4981,1
9638,2
9977,2
6800,1
8707,2
4333,1
4117,1
7615,1
9042,2
8994,2
2460,0
577,3
8944,2
7803,1
6948,1
1398,3
9198,2
9814,2
1957,3
2452,0
900,3
4297,1
5098,1
4934,1
5595,1
2247,0
9228,2
4796,1
3286,1
3734,1
2951,1
8027,2
193,3
5086,1
9013,2
8872,2
4378,1
1539,3
309,3
5387,1
1221,3
7784,1
9311,2
436,3
8974,2
2343,0
5640,1
9548,2
77,3
1760,3
2883,0
4288,1
7180,1
7365,1
6415,1
6518,1
5703,1
2775,0
485,3
1906,3
2255,0
6988,1
5155,1
3829,1
8458,2
7559,1
3676,1
4122,1
6038,1
6194,1
3643,1
1644,3
3934,1
3672,1
1034,3
4265,1
3827,1
3930,1
6260,1
7806,1
5328,1
8047,2
8066,2
1208,3
7731,1
214,3
6994,1
7521,1
6193,1
1587,3
5972,1
6793,1
8724,2
4953,1
2589,0
4778,1
3658,1
4813,1
4886,1
2132,3
7638,1
5635,1
1761,3
8385,2
5076,1
9111,2
4449,1
9151,2
1009,3
2300,0
8626,2
5227,1
62,3
7098,1
6764,1
7500,1
7976,2
403,3
7532,1
8345,2
4244,1
2865,0
2943,0
5835,1
9660,2
4305,1
1600,3
3600,1
9985,2
5810,1
9204,2
4610,1
8391,2
2118,3
7197,1
6259,1
7119,1
8898,2
4907,1
6225,1
7086,1
9766,2
1896,3
9127,2
504,3
9902,2
5876,1
4347,1
3929,1
4563,1
1551,3
1960,3
3709,1
1607,3
7355,1
3736,1
155,3
8041,2
4756,1
8071,2
9144,2
7245,1
4999,1
7258,1
9535,2
3197,1
9081,2
5742,1
3378,1
945,3
5654,1
1601,3
4588,1
4153,1
1871,3
582,3
1483,3
2904,0
9599,2
2100,3
5911,1
23,3
1812,3
2551,0
1737,3
1859,3
5001,1
8003,2
9134,2
9633,2
7125,1
9922,2
652,3
8020,2
8060,2
2162,0
4604,1
1062,3
9785,2
9298,2
2477,0
1442,3
866,3
6648,1
9896,2
6318,1
512,3
8170,2
1671,3
8568,2
8275,2
288,3
7781,1
4622,1
377,3
6372,1
1894,3
8570,2
6252,1
6761,1
4,3
5785,1
2952,1
9935,2
8576,2
9530,2
2241,0
4555,1
1114,3
3726,1
5498,1
7707,1
4740,1
4540,1
2286,0
6406,1
7991,2
872,3
7577,1
1457,3
9750,2
7159,1
3424,1
7344,1
9707,2
6154,1
6026,1
3583,1
9383,2
7438,1
1465,3
2962,1
1474,3
6221,1
8638,2
366,3
4887,1
2490,0
6871,1
9774,2
1242,3
6833,1
7130,1
3115,1
7854,1
8896,2
7399,1
5011,1
5544,1
7241,1
5824,1
1231,3
5279,1
1214,3
6938,1
6005,1
2993,1
3977,1
1704,3
3640,1
147,3
3662,1
3887,1
7805,1
6952,1
2921,0
862,3
9306,2
9743,2
8868,2
5761,1
3107,1
8696,2
9283,2
889,3
8024,2
7675,1
754,3
5554,1
285,3
6155,1
4474,1
9818,2
5939,1
8684,2
328,3
7744,1
5268,1
6042,1
216,3
3468,1
9659,2
3381,1
2273,0
695,3
1708,3
6907,1
9455,2
7592,1
6476,1
1289,3
3845,1
6234,1
2543,0
6846,1
9245,2
7221,1
5856,1
2289,0
3644,1
4043,1
1339,3
3593,1
5434,1
7040,1
1888,3
4671,1
2743,0
6197,1
4589,1
44,3
8255,2
1552,3
4767,1
2030,3
9993,2
7516,1
8,3
6572,1
8151,2
965,3
1575,3
2583,0
122,3
1668,3
7449,1
1076,3
4902,1
8525,2
1777,3
3292,1
1233,3
2206,0
4038,1
458,3
6730,1
5872,1
4234,1
9662,2
8596,2
1195,3
8153,2
6060,1
61,3
9517,2
7747,1
8956,2
6982,1
7730,1
650,3
7646,1
5285,1
1738,3
8143,2
4307,1
8285,2
6909,1
1480,3
7771,1
2223,0
7694,1
280,3
8618,2
9059,2
5171,1
9559,2
2846,0
6035,1
4420,1
3824,1
2868,0
427,3
91,3
418,3
3305,1
3062,1
6289,1
5936,1
8680,2
9805,2
4242,1
7191,1
174,3
8014,2
8118,2
1824,3
2742,0
9301,2
8825,2
3043,1
4584,1
2214,0
619,3
9182,2
3535,1
9021,2
6137,1
2711,0
9856,2
2393,0
7944,1
2011,3
6135,1
4718,1
399,3
5252,1
250,3
6904,1
5295,1
6090,1
8145,2
8469,2
6444,1
7651,1
7260,1
861,3
8519,2
924,3
6290,1
3561,1
9307,2
9872,2
6168,1
1355,3
628,3
8673,2
3076,1
6902,1
1238,3
9606,2
5811,1
1216,3
6737,1
5560,1
7736,1
1993,3
6654,1
655,3
8790,2
7955,2
3528,1
6453,1
2170,0
397,3
7219,1
7391,1
2367,0
1069,3
1385,3
2787,0
6346,1
3567,1
3680,1
9338,2
4620,1
2047,3
4693,1
2207,0
4840,1
6778,1
8215,2
8571,2
6301,1
9809,2
5961,1
5223,1
2447,0
904,3
5472,1
5102,1
9878,2
8310,2
8046,2
1663,3
4465,1
9565,2
4655,1
2790,0
3395,1
8127,2
2342,0
4964,1
9273,2
5353,1
7737,1
9718,2
2598,0
3222,1
9035,2
24,3
1618,3
7753,1
5858,1
5875,1
8097,2
7564,1
612,3
5829,1
3078,1
7451,1
8751,2
1726,3
264,3
3365,1
4723,1
5071,1
7758,1
3432,1
4870,1
5100,1
6479,1
2669,0
516,3
2971,1
2186,0
7723,1
3049,1
8882,2
6894,1
2078,3
7439,1
5168,1
1396,3
1811,3
5843,1
5308,1
8987,2
7795,1
9812,2
9736,2
8574,2
1962,3
8501,2
4871,1
9052,2
8729,2
218,3
345,3
5397,1
7283,1
3415,1
8679,2
8528,2
5244,1
1860,3
1627,3
9543,2
2834,0
9479,2
9909,2
4454,1
9682,2
7342,1
9223,2
545,3
8603,2
7452,1
3437,1
5744,1
1047,3
8306,2
5253,1
6724,1
7317,1
4100,1
1470,3
8243,2
1893,3
4748,1
4058,1
7096,1
1802,3
1589,3
9491,2
3763,1
6603,1
7960,2
2994,1
7690,1
9598,2
7650,1
9104,2
7172,1
8561,2
2151,0
3321,1
7309,1
8767,2
3328,1
8778,2
7913,1
4825,1
5077,1
3782,1
4834,1
6741,1
596,3
2981,1
6954,1
804,3
3181,1
9738,2
518,3
2020,3
9285,2
8132,2
9482,2
2887,0
7251,1
5072,1
215,3
958,3
4512,1
7419,1
8325,2
9664,2
3948,1
3449,1
8978,2
4502,1
4102,1
5918,1
4366,1
3804,1
8541,2
5242,1
2964,1
1614,3
8730,2
4095,1
1230,3
5977,1
8907,2
764,3
2744,0
4517,1
9868,2
7908,1
4576,1
3132,1
432,3
3981,1
9794,2
2506,0
9989,2
5787,1
1952,3
7444,1
3645,1
8168,2
6801,1
2522,0
1386,3
1865,3
526,3
7427,1
5513,1
2624,0
9213,2
5737,1
4110,1
5131,1
5176,1
9575,2
796,3
2678,0
3110,1
5247,1
753,3
7006,1
3610,1
8736,2
5480,1
3730,1
3687,1
9167,2
8504,2
8177,2
7756,1
9654,2
3500,1
459,3
1409,3
9832,2
168,3
2521,0
535,3
190,3
6789,1
7901,1
269,3
5254,1
4179,1
7828,1
439,3
3121,1
495,3
7170,1
7773,1
2646,0
5838,1
5775,1
5680,1
8874,2
7378,1
708,3
8044,2
7177,1
4526,1
6666,1
7494,1
446,3
6667,1
726,3
849,3
5395,1
3722,1
774,3
3685,1
7814,1
1249,3
882,3
9563,2
4152,1
6622,1
5425,1
870,3
3720,1
720,3
4227,1
3697,1
98,3
8086,2
8875,2
7569,1
8468,2
6236,1
2497,0
2685,0
2070,3
5389,1
3358,1
8776,2
8521,2
8715,2
3366,1
9874,2
4354,1
4503,1
3454,1
1558,3
4178,1
3579,1
6112,1
927,3
9886,2
3127,1
2144,3
9131,2
2773,0
7468,1
3252,1
463,3
4769,1
4966,1
5538,1
8878,2
887,3
8911,2
2003,3
8524,2
4136,1
1981,3
6593,1
1445,3
9852,2
8514,2
7268,1
5352,1
3613,1
7757,1
3882,1
833,3
8236,2
6287,1
7333,1
838,3
487,3
7566,1
4177,1
4697,1
9322,2
467,3
4051,1
2323,0
8826,2
8801,2
9132,2
9219,2
6395,1
3147,1
9372,2
7264,1
575,3
109,3
51,3
2090,3
4121,1
6463,1
3606,1
7466,1
7544,1
6564,1
8479,2
9888,2
2977,1
8249,2
5494,1
1135,3
1324,3
3877,1
3711,1
6470,1
9574,2
4645,1
4916,1
1514,3
530,3
1690,3
786,3
2829,0
4760,1
4529,1
7330,1
1330,3
4998,1
7431,1
7402,1
9826,2
5731,1
2252,0
9940,2
2592,0
5720,1
1271,3
7014,1
4780,1
5851,1
4181,1
1133,3
384,3
9859,2
6339,1
3469,1
3767,1
4443,1
9959,2
2765,0
3150,1
6108,1
6428,1
6578,1
4049,1
1425,3
6710,1
4842,1
4390,1
6935,1
4783,1
1924,3
3602,1
7601,1
4619,1
4734,1
632,3
5265,1
7729,1
3789,1
3314,1
194,3
3986,1
2674,0
4742,1
3157,1
2555,0
4060,1
4677,1
1709,3
2006,3
4200,1
8134,2
1229,3
4013,1
4078,1
2641,0
6539,1
6014,1
4210,1
4190,1
2019,3
1309,3
4504,1
7287,1
2526,0
2,3
4340,1
1091,3
5261,1
8224,2
9079,2
2056,3
4963,1
389,3
1834,3
1507,3
6750,1
3483,1
1123,3
5689,1
997,3
48,3
7151,1
4392,1
1054,3
2414,0
9462,2
7732,1
3269,1
6237,1
5867,1
2821,0
3448,1
4466,1
2284,0
3857,1
9943,2
5526,1
751,3
850,3
3780,1
1817,3
2627,0
4165,1
6314,1
4906,1
9278,2
513,3
5347,1
8155,2
289,3
7925,1
9344,2
1192,3
8704,2
4807,1
6813,1
4805,1
8766,2
5520,1
917,3
9050,2
8496,2
7689,1
998,3
8551,2
9170,2
6641,1
3802,1
1157,3
715,3
4440,1
9066,2
6751,1
1513,3
145,3
1858,3
8026,2
529,3
5847,1
9321,2
185,3
5146,1
5061,1
1654,3
6158,1
2931,0
9374,2
2034,3
8279,2
2054,3
8106,2
7973,2
8353,2
4411,1
8099,2
9070,2
3932,1
4460,1
6680,1
3831,1
9429,2
6792,1
6449,1
1969,3
7430,1
5587,1
7446,1
3741,1
2103,3
876,3
7487,1
2681,0
1537,3
160,3
6322,1
100,3
8265,2
9945,2
5094,1
7489,1
1941,3
1649,3
9058,2
9126,2
4770,1
94,3
2803,0
5897,1
237,3
1711,3
5447,1
7312,1
4696,1
4947,1
6186,1
4135,1
9494,2
5880,1
4946,1
787,3
7112,1
8633,2
9438,2
4097,1
528,3
6617,1
80,3
8814,2
258,3
5108,1
3342,1
2730,0
7643,1
2531,0
9941,2
1290,3
5368,1
3128,1
9038,2
3772,1
7437,1
6388,1
6159,1
5217,1
6059,1
1696,3
4944,1
5995,1
2600,0
935,3
1116,3
7589,1
5235,1
8838,2
9557,2
5815,1
1665,3
1776,3
3951,1
931,3
4236,1
679,3
758,3
6509,1
371,3
5568,1
7681,1
1094,3
1771,3
395,3
1920,3
349,3
6508,1
3220,1
1325,3
990,3
3793,1
1904,3
3477,1
5408,1
1021,3
2135,3
8374,2
9403,2
8200,2
6116,1
8529,2
2356,0
4298,1
9251,2
224,3
5423,1
9751,2
7522,1
8968,2
3694,1
3924,1
1045,3
2793,0
2908,0
8392,2
5130,1
9807,2
4219,1
4417,1
2763,0
4869,1
2606,0
6010,1
9540,2
1126,3
9423,2
8327,2
9118,2
5516,1
7385,1
8982,2
3996,1
7002,1
7163,1
8494,2
2562,0
9933,2
4253,1
5701,1
6334,1
4037,1
3590,1
4689,1
8018,2
2806,0
546,3
1228,3
6805,1
7031,1
201,3
7764,1
2465,0
5619,1
7673,1
4694,1
4856,1
8791,2
4550,1
7937,1
5402,1
3240,1
4861,1
5156,1
3418,1
9458,2
4820,1
2802,0
5369,1
9990,2
6241,1
9885,2
7962,2
4852,1
494,3
9521,2
8128,2
2960,1
4154,1
2873,0
7942,1
8051,2
5110,1
4277,1
1639,3
9312,2
8430,2
4007,1
3268,1
515,3
9002,2
7232,1
880,3
4077,1
5505,1
7467,1
5990,1
5185,1
8723,2
6015,1
2492,0
4263,1
1534,3
7200,1
8012,2
7749,1
1973,3
1381,3
3440,1
9336,2
9981,2
6132,1
985,3
8853,2
6120,1
1787,3
2341,0
2468,0
2644,0
7809,1
5029,1
7751,1
8007,2
3786,1
9448,2
3542,1
5354,1
6586,1
2668,0
1532,3
2167,0
663,3
5317,1
6399,1
4914,1
9970,2
5589,1
2935,0
6913,1
9519,2
8706,2
8227,2
127,3
5161,1
2817,0
1031,3
3678,1
33,3
2560,0
6052,1
1967,3
5159,1
2828,0
150,3
8218,2
3303,1
503,3
1187,3
4958,1
5656,1
2373,0
125,3
8112,2
3343,1
3984,1
2746,0
2467,0
9495,2
4086,1
4636,1
1029,3
3423,1
8989,2
3499,1
1684,3
7069,1
8471,2
3503,1
3875,1
7693,1
5431,1
7652,1
4355,1
3460,1
3077,1
3002,1
871,3
5925,1
6650,1
3073,1
5307,1
1299,3
9732,2
581,3
7404,1
2574,0
9093,2
6614,1
299,3
1626,3
4310,1
8461,2
2699,0
8005,2
5270,1
8544,2
7866,1
8162,2
3723,1
1827,3
5705,1
2645,0
4875,1
5968,1
7229,1
8946,2
7279,1
890,3
1048,3
106,3
4628,1
4590,1
3098,1
1307,3
3400,1
3853,1
1357,3
3523,1
2737,0
2040,3
821,3
4106,1
1077,3
7426,1
8733,2
6433,1
8451,2
1917,3
5172,1
8217,2
7742,1
4951,1
6442,1
1662,3
4140,1
8242,2
163,3
9342,2
4280,1
7676,1
4662,1
9984,2
5382,1
5201,1
5372,1
7360,1
8364,2
9524,2
8552,2
9571,2
8453,2
7356,1
2880,0
2233,0
5717,1
3742,1
7777,1
3219,1
2965,1
7935,1
2363,0
8259,2
6348,1
5836,1
7291,1
323,3
7456,1
3312,1
5390,1
3675,1
3414,1
4232,1
5145,1
8719,2
3738,1
3541,1
5339,1
5056,1
3836,1
8056,2
8856,2
6714,1
6095,1
7855,1
1879,3
949,3
793,3
8485,2
2381,0
7386,1
5750,1
1916,3
1567,3
4017,1
7897,1
3334,1
4108,1
326,3
6402,1
3392,1
717,3
2857,0
6357,1
6906,1
8037,2
8016,2
1937,3
6540,1
3017,1
5262,1
2575,0
6806,1
5979,1
5435,1
3405,1
1933,3
5807,1
7837,1
8246,2
43,3
507,3
6780,1
7705,1
5288,1
8119,2
4329,1
4789,1
1495,3
1722,3
7497,1
291,3
9027,2
241,3
6381,1
6347,1
3106,1
4458,1
6695,1
5394,1
936,3
3683,1
6228,1
8803,2
2157,0
4567,1
31,3
2297,0
1429,3
7661,1
6118,1
7236,1
9839,2
3784,1
9370,2
6791,1
2210,0
4984,1
4925,1
6848,1
3183,1
5251,1
8135,2
3652,1
5510,1
6016,1
6011,1
3283,1
2906,0
6328,1
9202,2
3979,1
7262,1
2448,0
767,3
5162,1
7029,1
3277,1
9796,2
6173,1
6210,1
3867,1
1200,3
5189,1
9244,2
4316,1
3814,1
9649,2
415,3
2514,0
5075,1
1408,3
1617,3
1306,3
3660,1
3480,1
5976,1
8840,2
6378,1
7051,1
1041,3
6787,1
1494,3
5859,1
5870,1
617,3
144,3
3335,1
9858,2
9765,2
3131,1
167,3
6961,1
7210,1
7463,1
2536,0
66,3
6955,1
4883,1
5937,1
5667,1
8965,2
3604,1
7622,1
1497,3
7613,1
8369,2
8365,2
9181,2
6034,1
9310,2
9950,2
9726,2
2463,0
8834,2
8500,2
9925,2
827,3
2480,0
2923,0
8108,2
317,3
2540,0
2087,3
5476,1
2664,0
4273,1
6757,1
6231,1
4578,1
8842,2
2055,3
9974,2
5949,1
5828,1
7147,1
7095,1
266,3
4128,1
2568,0
319,3
4238,1
5216,1
7519,1
1262,3
5941,1
6510,1
5845,1
9537,2
5083,1
4509,1
4605,1
7211,1
5638,1
1140,3
7612,1
7801,1
7695,1
2240,0
7157,1
1572,3
2091,3
1520,3
3703,1
4044,1
9596,2
4005,1
8988,2
9063,2
1037,3
1807,3
8190,2
4156,1
8001,2
7637,1
9887,2
8122,2
4686,1
3318,1
2783,0
9201,2
4774,1
7879,1
5099,1
9017,2
4317,1
7370,1
5881,1
7120,1
6096,1
4414,1
8710,2
7899,1
3928,1
739,3
1363,3
9605,2
5586,1
8032,2
9391,2
5558,1
2898,0
8483,2
8725,2
1659,3
2088,3
6424,1
4991,1
4287,1
3204,1
2564,0
9827,2
7204,1
6489,1
6696,1
7624,1
4635,1
6147,1
1853,3
2036,3
2071,3
6483,1
1134,3
953,3
9723,2
3704,1
5766,1
5226,1
6093,1
5290,1
7220,1
4412,1
7396,1
9936,2
7706,1
5095,1
4364,1
5794,1
3565,1
4983,1
6195,1
5054,1
1848,3
8091,2
2152,0
57,3
1036,3
1438,3
3564,1
8175,2
368,3
4291,1
6191,1
3759,1
7488,1
9110,2
322,3
9979,2
6296,1
2628,0
1791,3
7656,1
3155,1
5600,1
3082,1
4699,1
5330,1
9413,2
1899,3
9500,2
5886,1
562,3
6818,1
4015,1
4560,1
6783,1
7091,1
2892,0
743,3
5096,1
7765,1
6304,1
4626,1
7725,1
3048,1
557,3
8085,2
3154,1
2065,3
8040,2
5612,1
7150,1
3394,1
5559,1
4572,1
310,3
6421,1
7187,1
8636,2
424,3
2000,3
4096,1
4945,1
5789,1
3739,1
5678,1
7822,1
2673,0
6431,1
8983,2
5157,1
7018,1
9760,2
2321,0
7838,1
8745,2
2358,0
7276,1
1284,3
9467,2
7745,1
8120,2
6490,1
2459,0
431,3
2272,0
5962,1
9998,2
1943,3
3961,1
2154,0
6262,1
2219,0
7025,1
9428,2
1806,3
7405,1
2058,3
9168,2
164,3
1303,3
8076,2
1292,3
9171,2
8166,2
3023,1
733,3
2498,0
4549,1
8835,2
2134,3
9893,2
1622,3
3473,1
7939,1
413,3
4416,1
7961,2
387,3
6775,1
6942,1
4873,1
8048,2
210,3
104,3
6420,1
9172,2
4826,1
5891,1
2700,0
6745,1
5455,1
7561,1
5734,1
7349,1
8598,2
3213,1
3169,1
9658,2
8297,2
3777,1
5515,1
2438,0
450,3
6915,1
8009,2
5403,1
5213,1
7280,1
239,3
6590,1
6284,1
8608,2
4426,1
5631,1
3040,1
6570,1
5863,1
6044,1
4002,1
3042,1
5292,1
517,3
9648,2
7883,1
5380,1
141,3
6297,1
2899,0
3706,1
7381,1
5302,1
6499,1
1269,3
8837,2
7033,1
2290,0
3766,1
5041,1
7335,1
1440,3
3576,1
4591,1
760,3
2778,0
1086,3
4784,1
2026,3
2801,0
8657,2
1006,3
7242,1
7510,1
6124,1
4722,1
2371,0
8812,2
7794,1
8138,2
401,3
2164,0
9275,2
5444,1
4419,1
7154,1
2229,0
5862,1
4147,1
6606,1
1923,3
6387,1
8352,2
4397,1
97,3
6536,1
2718,0
1395,3
2840,0
4477,1
3438,1
6435,1
6437,1
9931,2
7299,1
2927,0
1789,3
2402,0
9019,2
5648,1
4336,1
4538,1
4955,1
2618,0
4299,1
1304,3
1141,3
3488,1
1275,3
6608,1
3257,1
1545,3
5644,1
2386,0
6324,1
7455,1
2897,0
9196,2
6027,1
4532,1
1096,3
5965,1
7743,1
2811,0
1215,3
7857,1
1227,3
5672,1
3768,1
8210,2
7926,1
5117,1
703,3
4672,1
2724,0
1657,3
5959,1
8300,2
1046,3
305,3
622,3
6823,1
1891,3
966,3
2362,0
1441,3
9710,2
9211,2
1608,3
5655,1
5147,1
2405,0
4546,1
8981,2
8967,2
8433,2
5632,1
2095,3
3280,1
6689,1
8682,2
9721,2
3476,1
5427,1
5861,1
3195,1
2954,1
5238,1
563,3
8331,2
7174,1
7972,2
3629,1
3840,1
1919,3
4822,1
2613,0
5821,1
2504,0
8192,2
5313,1
26,3
7719,1
4851,1
4548,1
6397,1
5136,1
8264,2
2662,0
3673,1
9997,2
2466,0
2860,0
7254,1
4510,1
6175,1
5074,1
1805,3
5221,1
6438,1
2149,3
8476,2
5636,1
287,3
4172,1
7670,1
9671,2
3408,1
844,3
8023,2
3092,1
213,3
3605,1
4608,1
527,3
5763,1
8857,2
8340,2
633,3
2083,3
2295,0
5834,1
5533,1
6365,1
3479,1
126,3
1719,3
8017,2
1148,3
3624,1
2650,0
473,3
1452,3
7218,1
4987,1
5332,1
1276,3
408,3
834,3
4872,1
9175,2
524,3
4258,1
7598,1
4894,1
7920,1
2758,0
2187,0
3724,1
8081,2
7663,1
8620,2
3090,1
2061,3
81,3
2864,0
5034,1
9986,2
5118,1
8538,2
6467,1
7952,2
1153,3
3557,1
2571,0
6245,1
5165,1
4079,1
6082,1
1433,3
3478,1
6181,1
8141,2
2423,0
2878,0
7395,1
257,3
7720,1
5628,1
1712,3
9389,2
533,3
8288,2
3911,1
6039,1
1204,3
7953,2
8975,2
8992,2
6270,1
4777,1
6222,1
3727,1
9629,2
3560,1
6816,1
4990,1
4069,1
4372,1
375,3
6588,1
1436,3
9212,2
8438,2
1845,3
1903,3
6267,1
1479,3
2455,0
238,3
9315,2
302,3
9942,2
991,3
7766,1
4415,1
5186,1
7659,1
3807,1
3232,1
5276,1
2377,0
7914,1
5594,1
3885,1
1359,3
6883,1
6613,1
7567,1
6709,1
7950,2
9061,2
6017,1
704,3
1421,3
1778,3
4508,1
5879,1
1423,3
9666,2
4141,1
1003,3
9685,2
3245,1
1680,3
7523,1
7903,1
3575,1
7275,1
3336,1
698,3
7826,1
6075,1
1052,3
8559,2
523,3
27,3
8949,2
1522,3
6273,1
9252,2
4358,1
8211,2
1107,3
1666,3
4402,1
8370,2
5113,1
2264,0
5007,1
6551,1
4076,1
7571,1
2547,0
9483,2
4960,1
9421,2
1872,3
2391,0
3282,1
8592,2
3158,1
2357,0
7609,1
891,3
2749,0
7278,1
1500,3
5017,1
7549,1
932,3
9801,2
859,3
5793,1
6591,1
8281,2
3957,1
9289,2
7238,1
8560,2
4915,1
2756,0
5003,1
8399,2
5700,1
9712,2
9333,2
2427,0
2611,0
4755,1
9174,2
4808,1
4533,1
8049,2
3938,1
4323,1
1039,3
5981,1
2759,0
1730,3
6285,1
2983,1
1785,3
5548,1
7481,1
110,3
3054,1
6401,1
3728,1
2930,0
9358,2
1351,3
6925,1
4425,1
2057,3
6753,1
1742,3
363,3
5608,1
3296,1
3696,1
1844,3
6633,1
9065,2
5412,1
4544,1
3939,1
8441,2
9914,2
631,3
9867,2
3983,1
8805,2
6107,1
4660,1
9045,2
5458,1
3087,1
5762,1
2041,3
7735,1
5063,1
2663,0
9378,2
75,3
4876,1
1224,3
5588,1
5084,1
3199,1
9416,2
1978,3
2226,0
2797,0
2861,0
6804,1
6971,1
3419,1
9125,2
8634,2
6967,1
9388,2
9359,2
8830,2
2659,0
3272,1
1431,3
9876,2
8346,2
5716,1
9512,2
4611,1
7318,1
6244,1
205,3
6931,1
4720,1
4144,1
3453,1
3436,1
3525,1
2277,0
1291,3
590,3
8919,2
2183,0
3655,1
1281,3
2844,0
1580,3
6569,1
8871,2
8757,2
9875,2
6733,1
6263,1
9068,2
6199,1
2945,0
5240,1
4320,1
9076,2
7475,1
8466,2
5957,1
4764,1
6361,1
9879,2
132,3
4220,1
5674,1
4874,1
5042,1
6632,1
5489,1
4956,1
5547,1
5896,1
21,3
7946,1
1370,3
5461,1
2479,0
2217,0
9454,2
4405,1
730,3
8644,2
6279,1
2986,1
7983,2
7066,1
3251,1
9777,2
7887,1
4524,1
9996,2
3326,1
8263,2
938,3
9095,2
4908,1
2713,0
5970,1
2567,0
3616,1
7253,1
519,3
9655,2
3370,1
5537,1
6799,1
131,3
8897,2
5831,1
6383,1
2733,0
5645,1
9354,2
828,3
8414,2
4241,1
2832,0
5871,1
8165,2
1799,3
5952,1
9735,2
8899,2
9004,2
1581,3
9570,2
614,3
9214,2
7167,1
8625,2
8909,2
6999,1
9787,2
7951,2
5297,1
1530,3
3186,1
7376,1
2445,0
4487,1
2271,0
3883,1
4528,1
7847,1
7647,1
3176,1
8932,2
4961,1
3835,1
3035,1
9861,2
7536,1
8330,2
2097,3
9806,2
7597,1
2715,0
7124,1
7616,1
3922,1
498,3
1908,3
1681,3
5259,1
9396,2
6888,1
6568,1
9913,2
7442,1
3558,1
1972,3
5356,1
279,3
560,3
6770,1
684,3
7363,1
6278,1
3338,1
9430,2
8381,2
9294,2
986,3
1147,3
4771,1
445,3
2785,0
9265,2
836,3
5153,1
4369,1
7295,1
7392,1
2419,0
9490,2
346,3
1829,3
7861,1
7201,1
396,3
3029,1
8824,2
9112,2
9466,2
6121,1
7593,1
5549,1
7844,1
3718,1
5058,1
1102,3
6615,1
3548,1
1604,3
6934,1
9838,2
9545,2
4845,1
9441,2
5840,1
1556,3
8590,2
2302,0
5903,1
3099,1
8434,2
9972,2
2094,3
9367,2
4726,1
1790,3
3114,1
9399,2
6784,1
7045,1
3288,1
5585,1
6916,1
9791,2
2027,3
8643,2
816,3
7686,1
9907,2
50,3
5534,1
2470,0
5992,1
2232,0
7325,1
7582,1
6019,1
7671,1
3819,1
5320,1
5556,1
6491,1
2918,0
5315,1
3531,1
4616,1
6693,1
7374,1
1367,3
334,3
9380,2
2326,0
9183,2
2242,0
6380,1
3389,1
4375,1
107,3
7193,1
2174,0
1915,3
4215,1
3539,1
2215,0
9691,2
5178,1
5135,1
3310,1
2411,0
9177,2
2692,0
1615,3
6295,1
4040,1
4573,1
70,3
627,3
1312,3
380,3
8763,2
8792,2
7300,1
7415,1
9831,2
8569,2
8305,2
722,3
8100,2
6332,1
3322,1
5873,1
7195,1
6229,1
3965,1
8286,2
2595,0
6991,1
6196,1
9371,2
7423,1
3915,1
6947,1
9434,2
5383,1
2312,0
4613,1
9243,2
8914,2
1298,3
9062,2
2633,0
9759,2
7144,1
8795,2
5521,1
914,3
9573,2
9749,2
6389,1
987,3
2176,0
4224,1
7153,1
7502,1
4897,1
4292,1
9624,2
9767,2
2542,0
5392,1
5987,1
5991,1
2190,0
9409,2
7813,1
2754,0
2886,0
5502,1
1813,3
1321,3
5885,1
3038,1
585,3
5661,1
6700,1
1770,3
8378,2
1735,3
6053,1
4543,1
8845,2
2197,0
621,3
3973,1
7332,1
2112,3
1975,3
5291,1
5670,1
6668,1
9853,2
5728,1
153,3
8993,2
7509,1
5504,1
437,3
3111,1
868,3
7213,1
6857,1
391,3
8895,2
9542,2
3620,1
1435,3
220,3
4707,1
5895,1
4733,1
9714,2
2004,3
9911,2
4409,1
9611,2
5193,1
2619,0
455,3
812,3
678,3
5715,1
5754,1
992,3
1716,3
7654,1
8708,2
9553,2
1486,3
4994,1
4518,1
3630,1
2024,3
3952,1
2141,3
3020,1
898,3
6690,1
3761,1
9713,2
3495,1
1175,3
979,3
4116,1
7759,1
6589,1
7186,1
6074,1
5283,1
9527,2
3079,1
3621,1
9140,2
6661,1
3275,1
1295,3
8534,2
4183,1
7658,1
3815,1
9340,2
1713,3
3923,1
6797,1
5768,1
4684,1
3631,1
2052,3
3596,1
1769,3
374,3
9937,2
2888,0
7009,1
7977,2
4714,1
9097,2
5448,1
1170,3
355,3
3260,1
7884,1
2510,0
3888,1
802,3
7665,1
9961,2
9663,2
7271,1
9031,2
9164,2
2545,0
2188,0
6592,1
4602,1
1867,3
9098,2
3379,1
8816,2
9962,2
8442,2
5057,1
6983,1
5569,1
3161,1
5012,1
8654,2
3601,1
5144,1
1043,3
716,3
4070,1
6958,1
6268,1
5440,1
6065,1
831,3
2059,3
9272,2
5371,1
1765,3
3044,1
6980,1
883,3
3123,1
4993,1
2799,0
578,3
6130,1
1012,3
8077,2
1951,3
9583,2
8754,2
780,3
2013,3
8400,2
8254,2
4624,1
5676,1
2050,3
3842,1
2228,0
2400,0
8271,2
9756,2
4138,1
4216,1
9587,2
2657,0
3004,1
713,3
1625,3
8320,2
5852,1
9450,2
9926,2
4625,1
9704,2
7819,1
1768,3
6790,1
1459,3
4779,1
7626,1
2279,0
8877,2
4349,1
2751,0
9953,2
4328,1
6630,1
9220,2
1288,3
9316,2
2221,0
4255,1
5249,1
2398,0
5355,1
217,3
8740,2
3790,1
6061,1
6144,1
7394,1
4016,1
9472,2
272,3
7483,1
7885,1
6462,1
3309,1
1020,3
3530,1
7860,1
6932,1
7212,1
4989,1
6965,1
2684,0
5508,1
2885,0
7524,1
1417,3
6722,1
4730,1
3001,1
9561,2
7078,1
8921,2
3747,1
1042,3
356,3
2338,0
1563,3
501,3
9,3
8230,2
683,3
8419,2
5037,1
1308,3
5739,1
7998,2
247,3
1033,3
5740,1
1336,3
6623,1
8996,2
4124,1
9225,2
6219,1
7048,1
7830,1
4388,1
3357,1
7261,1
2422,0
795,3
5819,1
5469,1
2552,0
5407,1
3520,1
4536,1
3719,1
8585,2
9422,2
1302,3
1741,3
8505,2
5239,1
9412,2
4864,1
9697,2
20,3
4639,1
9046,2
3030,1
2330,0
7133,1
2819,0
1050,3
9000,2
3428,1
3134,1
4470,1
3192,1
2408,0
1803,3
338,3
3203,1
4849,1
8163,2
2179,0
8321,2
5211,1
8859,2
1082,3
6674,1
7137,1
9381,2
232,3
6555,1
3599,1
3291,1
1080,3
8276,2
187,3
372,3
2907,0
1407,3
1402,3
9404,2
8109,2
2201,0
9644,2
9023,2
1347,3
3189,1
6573,1
5767,1
434,3
6394,1
7576,1
9681,2
152,3
5955,1
1127,3
5485,1
8267,2
1898,3
5132,1
548,3
6972,1
4766,1
4484,1
1559,3
4087,1
5043,1
8411,2
1828,3
2142,3
3230,1
5943,1
7445,1
9199,2
9804,2
9971,2
7240,1
4782,1
1679,3
5781,1
270,3
197,3
8619,2
9566,2
3890,1
7462,1
4309,1
6062,1
5410,1
7833,1
2924,0
588,3
863,3
181,3
2267,0
5442,1
9253,2
6269,1
4377,1
454,3
4731,1
8482,2
8858,2
4667,1
4161,1
8261,2
4039,1
8565,2
9464,2
9130,2
3209,1
2689,0
3628,1
6097,1
4463,1
4523,1
7353,1
3881,1
8950,2
2932,0
3614,1
4541,1
8522,2
9392,2
6684,1
6493,1
1171,3
6918,1
8347,2
3927,1
7387,1
8033,2
6596,1
8377,2
8416,2
7997,2
6188,1
7257,1
5195,1
9246,2
3904,1
9676,2
6969,1
5657,1
8563,2
5809,1
5363,1
808,3
8266,2
8273,2
6639,1
3409,1
1590,3
347,3
4703,1
1353,3
4004,1
1099,3
1300,3
9956,2
6646,1
5198,1
8813,2
3585,1
2822,0
9947,2
484,3
3294,1
7909,1
5694,1
2884,0
8164,2
8440,2
3267,1
3396,1
8591,2
3146,1
7447,1
3646,1
9295,2
7320,1
8443,2
9536,2
7126,1
2261,0
3572,1
9055,2
1892,3
3235,1
6230,1
9778,2
7421,1
8705,2
9894,2
9558,2
8422,2
6156,1
8556,2
6679,1
8862,2
4552,1
7635,1
2458,0
1368,3
3595,1
7479,1
9752,2
9471,2
9353,2
2670,0
2399,0
3228,1
5406,1
1846,3
1205,3
4061,1
441,3
7919,1
4284,1
5691,1
8142,2
2928,0
8157,2
8675,2
7537,1
6249,1
8070,2
4022,1
7400,1
7495,1
9776,2
7921,1
2914,0
5060,1
2126,3
5464,1
5299,1
7882,1
8601,2
6563,1
7311,1
1250,3
7905,1
3085,1
4032,1
6620,1
9642,2
4530,1
9528,2
7910,1
5421,1
3582,1
327,3
8329,2
9789,2
6327,1
1861,3
3404,1
3091,1
7792,1
2320,0
4491,1
7565,1
8146,2
4191,1
4924,1
4898,1
4979,1
3846,1
2259,0
4270,1
1633,3
1297,3
486,3
9919,2
2631,0
6777,1
426,3
8799,2
4985,1
9014,2
2239,0
6900,1
8493,2
7049,1
3988,1
7603,1
4205,1
8371,2
6122,1
1764,3
2077,3
488,3
7041,1
511,3
4057,1
5660,1
13,3
5675,1
837,3
9877,2
1111,3
6531,1
2604,0
5245,1
7329,1
2913,0
9209,2
9197,2
3907,1
4603,1
7057,1
5301,1
1999,3
7703,1
8309,2
6840,1
8208,2
1198,3
3348,1
7499,1
2518,0
2169,0
6565,1
3976,1
1178,3
690,3
7337,1
4490,1
9331,2
7089,1
4881,1
1211,3
4918,1
9601,2
4882,1
9729,2
3008,1
209,3
4962,1
7674,1
6544,1
5206,1
5998,1
7981,2
8499,2
1747,3
5337,1
6579,1
5139,1
2585,0
2432,0
3425,1
643,3
2359,0
762,3
7573,1
8147,2
5671,1
6765,1
4737,1
5350,1
4351,1
7398,1
1944,3
1562,3
5755,1
3300,1
6187,1
6731,1
3769,1
9727,2
3319,1
9916,2
4717,1
3589,1
8278,2
9920,2
1527,3
4149,1
3844,1
2204,0
6873,1
3347,1
4978,1
8980,2
3554,1
1613,3
7990,2
1108,3
595,3
2559,0
6330,1
1240,3
9009,2
1420,3
6280,1
7895,1
9653,2
1970,3
5082,1
7967,2
7061,1
9506,2
4387,1
5646,1
6468,1
765,3
2507,0
5492,1
2456,0
980,3
4587,1
6299,1
6743,1
9880,2
8395,2
3375,1
9600,2
7660,1
8910,2
1538,3
83,3
2294,0
2337,0
584,3
648,3
1643,3
8238,2
7194,1
2209,0
5027,1
8752,2
2446,0
7203,1
2171,0
7726,1
2831,0
7511,1
112,3
5360,1
2394,0
5184,1
6692,1
7362,1
2602,0
4829,1
6069,1
8969,2
8470,2
7322,1
8107,2
7038,1
3349,1
4301,1
8549,2
7298,1
9443,2
9254,2
3103,1
9504,2
6683,1
8908,2
9635,2
4580,1
3490,1
4846,1
3754,1
9857,2
5617,1
4048,1
6089,1
3656,1
2439,0
9188,2
5123,1
227,3
2854,0
4446,1
3083,1
8363,2
4160,1
7155,1
1334,3
6943,1
9260,2
2131,3
942,3
3311,1
3025,1
9248,2
8446,2
183,3
7408,1
9411,2
3897,1
2620,0
5642,1
7538,1
7113,1
5602,1
5686,1
6892,1
2243,0
2625,0
2023,3
8535,2
5093,1
9360,2
8629,2
4571,1
7460,1
1732,3
1758,3
5906,1
1683,3
4337,1
2850,0
5652,1
7780,1
3817,1
259,3
8995,2
8282,2
1301,3
2048,3
4157,1
1079,3
4974,1
4109,1
6627,1
9846,2
7889,1
7226,1
7791,1
7469,1
4035,1
402,3
351,3
3771,1
3045,1
4854,1
4797,1
1825,3
2768,0
306,3
4821,1
5946,1
4992,1
8970,2
6345,1
7642,1
2687,0
9255,2
8061,2
3066,1
4240,1
656,3
4657,1
4482,1
6031,1
3104,1
3538,1
3607,1
4566,1
7227,1
5341,1
1623,3
3657,1
4360,1
756,3
763,3
8622,2
8375,2
6914,1
392,3
2418,0
2698,0
6821,1
3387,1
1389,3
7307,1
4006,1
7164,1
8063,2
6698,1
3966,1
1837,3
3826,1
5287,1
6647,1
9121,2
2473,0
3850,1
2425,0
1942,3
1372,3
1549,3
196,3
4493,1
3674,1
8065,2
5546,1
6165,1
5230,1
9276,2
6546,1
607,3
4582,1
2474,0
5683,1
1162,3
598,3
7116,1
7986,2
1060,3
8818,2
4046,1
118,3
8532,2
865,3
933,3
3580,1
9820,2
9493,2
5483,1
1188,3
5069,1
4353,1
8611,2
1191,3
1030,3
1938,3
9823,2
9178,2
4481,1
4762,1
2736,0
8473,2
6206,1
9122,2
7028,1
6488,1
3692,1
336,3
897,3
6001,1
9963,2
5068,1
4175,1
8901,2
200,3
6669,1
3552,1
9427,2
129,3
2127,3
256,3
3828,1
4260,1
913,3
6441,1
3142,1
2714,0
6556,1
7088,1
4948,1
8088,2
2789,0
2755,0
4942,1
448,3
7810,1
5124,1
8997,2
8195,2
2851,0
2912,0
5776,1
6831,1
6177,1
2275,0
65,3
6554,1
3638,1
1487,3
7554,1
9159,2
8688,2
7867,1
3464,1
4683,1
3461,1
1490,3
3975,1
540,3
2973,1
1907,3
6502,1
6455,1
5866,1
9221,2
6625,1
6216,1
8413,2
9650,2
9205,2
9334,2
2638,0
7247,1
2607,0
899,3
9860,2
8287,2
9407,2
892,3
2929,0
8228,2
2909,0
948,3
6492,1
4621,1
843,3
5032,1
1620,3
1998,3
8447,2
5340,1
1414,3
9440,2
4996,1
235,3
4331,1
4380,1
2309,0
4014,1
8917,2
973,3
4750,1
5366,1
8078,2
9843,2
2946,0
7012,1
6672,1
5024,1
1961,3
2158,0
2614,0
9006,2
9090,2
505,3
2291,0
6078,1
2579,0
7655,1
8985,2
1605,3
1223,3
9192,2
8173,2
9586,2
1397,3
6949,1
732,3
5597,1
9821,2
556,3
8628,2
5869,1
2122,3
8531,2
1011,3
5373,1
1056,3
4921,1
848,3
2140,3
1652,3
3247,1
5020,1
7975,2
262,3
412,3
3547,1
5950,1
9946,2
1714,3
9037,2
9356,2
520,3
8397,2
2274,0
1508,3
4901,1
4464,1
8677,2
221,3
4823,1
1332,3
7966,2
1236,3
5019,1
2111,3
5331,1
5025,1
5207,1
3553,1
1609,3
6356,1
4018,1
6910,1
170,3
4003,1
3489,1
2285,0
8272,2
3639,1
3482,1
2378,0
7704,1
5275,1
6901,1
4839,1
8180,2
9538,2
5907,1
8342,2
6549,1
5164,1
4661,1
474,3
1380,3
8841,2
6386,1
2979,1
136,3
231,3
8587,2
6941,1
9179,2
7106,1
3878,1
8203,2
1382,3
5125,1
114,3
7891,1
1610,3
9541,2
4261,1
2534,0
9039,2
4623,1
3849,1
9091,2
5177,1
3504,1
7316,1
3039,1
2428,0
5550,1
6884,1
7366,1
67,3
3034,1
6660,1
228,3
4500,1
2911,0
1772,3
1947,3
6543,1
5735,1
3959,1
433,3
819,3
2691,0
1254,3
4389,1
9487,2
6899,1
3626,1
923,3
7486,1
3117,1
9501,2
3363,1
6265,1
301,3
5719,1
6172,1
8396,2
6845,1
4688,1
329,3
5411,1
3401,1
7127,1
7716,1
2920,0
2963,1
1988,3
8905,2
2360,0
5499,1
5137,1
5158,1
7448,1
493,3
6046,1
6326,1
5393,1
2380,0
1430,3
8498,2
1293,3
2366,0
3433,1
8339,2
6788,1
8361,2
2972,1
452,3
8445,2
826,3
3137,1
4348,1
5509,1
7289,1
6427,1
1710,3
489,3
2933,0
8612,2
8884,2
226,3
1125,3
9249,2
4294,1
1181,3
3139,1
9393,2
444,3
2451,0
1936,3
8311,2
3112,1
1000,3
9790,2
6528,1
907,3
2392,0
1925,3
9708,2
8410,2
5441,1
2565,0
4768,1
3248,1
3635,1
1403,3
9492,2
4111,1
1820,3
1087,3
5104,1
7035,1
4142,1
4423,1
5181,1
1762,3
8011,2
867,3
5015,1
5565,1
2937,0
5085,1
8543,2
8039,2
3201,1
4637,1
3011,1
8062,2
3385,1
534,3
5014,1
6832,1
7433,1
9318,2
5183,1
1918,3
7141,1
8583,2
4081,1
7912,1
3707,1
1656,3
4995,1
6272,1
3980,1
7160,1
2716,0
1121,3
260,3
8336,2
2835,0
2680,0
5271,1
2550,0
8358,2
5825,1
9630,2
6054,1
8913,2
6933,1
6853,1
4158,1
4757,1
7110,1
242,3
6022,1
3765,1
2200,0
6084,1
2105,3
5065,1
7021,1
3179,1
1455,3
2772,0
687,3
8925,2
3774,1
8133,2
3505,1
1759,3
8762,2
1025,3
852,3
5031,1
4754,1
4350,1
6335,1
9683,2
3094,1
1335,3
3101,1
5673,1
9191,2
3729,1
839,3
6286,1
2647,0
4434,1
757,3
6403,1
6367,1
8971,2
219,3
741,3
5555,1
9636,2
6872,1
2516,0
6697,1
8888,2
7248,1
5630,1
510,3
5888,1
9699,2
8960,2
3403,1
6584,1
4932,1
7328,1
7168,1
8691,2
1142,3
6677,1
6418,1
3733,1
101,3
7341,1
8666,2
6417,1
7614,1
6274,1
8226,2
267,3
6049,1
3259,1
5912,1
157,3
1669,3
4169,1
3834,1
7886,1
3069,1
6157,1
8972,2
8093,2
9516,2
6458,1
815,3
885,3
625,3
281,3
4601,1
1628,3
2412,0
893,3
4455,1
9614,2
835,3
2253,0
3413,1
6494,1
3427,1
1259,3
6566,1
6291,1
4452,1
480,3
9657,2
2486,0
1028,3
9365,2
9451,2
2961,1
7269,1
2985,1
1638,3
6133,1
3102,1
5583,1
3064,1
7368,1
3935,1
2457,0
8104,2
4275,1
3307,1
5985,1
128,3
6411,1
664,3
3622,1
6030,1
1285,3
3208,1
6867,1
2208,0
6708,1
5973,1
5028,1
9330,2
8315,2
1180,3
3171,1
312,3
4365,1
3270,1
1876,3
7728,1
1797,3
3869,1
3537,1
8268,2
5718,1
7595,1
4326,1
360,3
1310,3
9185,2
8022,2
7135,1
46,3
6256,1
5849,1
1499,3
4939,1
3287,1
9610,2
7019,1
3898,1
981,3
3430,1
3266,1
3954,1
3618,1
4598,1
9591,2
9706,2
4863,1
7529,1
1124,3
1775,3
4965,1
6325,1
5460,1
9734,2
977,3
3893,1
6436,1
1699,3
8291,2
6472,1
707,3
2996,1
7568,1
9631,2
8709,2
8516,2
5419,1
4283,1
9292,2
9507,2
4162,1
2741,0
7738,1
1256,3
9526,2
8927,2
1040,3
2841,0
5928,1
3156,1
2967,1
2322,0
4736,1
6128,1
3386,1
137,3
6794,1
1602,3
9647,2
8870,2
5491,1
6025,1
4752,1
6203,1
5940,1
8387,2
3444,1
3822,1
3963,1
5416,1
3543,1
2648,0
3592,1
9689,2
8787,2
7263,1
1800,3
8758,2
2610,0
3737,1
5764,1
2029,3
1265,3
7425,1
2905,0
9582,2
5030,1
8642,2
3949,1
6796,1
3578,1
2748,0
6379,1
2959,1
86,3
8121,2
442,3
6602,1
5765,1
1525,3
6459,1
3249,1
9460,2
8196,2
4775,1
7020,1
3808,1
7173,1
4719,1
1701,3
4858,1
8388,2
8747,2
5517,1
4950,1
1081,3
3863,1
8241,2
3508,1
4010,1
4184,1
4888,1
6760,1
6461,1
5945,1
1911,3
1115,3
5278,1
6868,1
9377,2
5059,1
8572,2
3753,1
4976,1
8734,2
8189,2
6826,1
2469,0
2283,0
7128,1
8578,2
7587,1
2001,3
8933,2
8873,2
4817,1
1935,3
2012,3
6618,1
694,3
974,3
906,3
6103,1
5199,1
661,3
8557,2
3193,1
361,3
9480,2
1145,3
8401,2
3550,1
4201,1
2119,3
5727,1
1841,3
4759,1
8223,2
5693,1
5486,1
3833,1
8906,2
1358,3
9355,2
7149,1
6465,1
8647,2
5026,1
2009,3
7557,1
3315,1
5519,1
9346,2
8084,2
6897,1
9588,2
8008,2
5418,1
5286,1
5624,1
950,3
5611,1
2948,0
9908,2
810,3
5318,1
6032,1
1478,3
4401,1
4847,1
1053,3
9153,2
1418,3
6656,1
4631,1
4480,1
6141,1
1496,3
4374,1
744,3
1001,3
8760,2
3916,1
4833,1
5724,1
3431,1
1816,3
543,3
6503,1
8234,2
7969,2
9033,2
4407,1
2166,0
8548,2
8798,2
3075,1
3175,1
6076,1
1179,3
9692,2
639,3
4547,1
660,3
9870,2
16,3
3016,1
8915,2
5277,1
1422,3
2307,0
3746,1
6392,1
7308,1
6860,1
4609,1
1781,3
5196,1
8627,2
3206,1
3217,1
553,3
2649,0
1780,3
1635,3
5501,1
1287,3
7657,1
6525,1
5994,1
8429,2
8139,2
335,3
3691,1
9325,2
4093,1
1106,3
5614,1
2319,0
5214,1
1129,3
4012,1
2340,0
814,3
6,3
8322,2
5052,1
9722,2
2869,0
6294,1
7303,1
8788,2
6450,1
293,3
482,3
6643,1
133,3
5633,1
4127,1
5479,1
1782,3
8844,2
3812,1
6759,1
6142,1
6454,1
6919,1
5798,1
2333,0
2720,0
1155,3
8831,2
6649,1
824,3
9083,2
2858,0
6320,1
8880,2
1847,3
7525,1
8894,2
4809,1
343,3
5817,1
630,3
2086,3
9005,2
2304,0
1720,3
180,3
7586,1
9408,2
4877,1
3818,1
4827,1
9115,2
6895,1
2148,3
9725,2
5376,1
9088,2
4568,1
2254,0
8376,2
1526,3
2688,0
8068,2
4427,1
3551,1
2615,0
8698,2
7107,1
4251,1
409,3
5229,1
3443,1
3165,1
6043,1
2512,0
3865,1
5344,1
1905,3
5187,1
9799,2
9465,2
8929,2
2462,0
1794,3
7874,1
5620,1
2231,0
5947,1
5506,1
1660,3
5388,1
2028,3
1471,3
4209,1
353,3
8426,2
920,3
6605,1
4933,1
1143,3
2813,0
8069,2
3320,1
4642,1
2890,0
4167,1
134,3
9084,2
10,3
8206,2
4266,1
1015,3
5753,1
314,3
7343,1
4398,1
3809,1
8269,2
3931,1
6781,1
240,3
5802,1
1352,3
8511,2
8080,2
3798,1
2707,0
8237,2
373,3
768,3
7800,1
4664,1
4928,1
2128,3
5841,1
3910,1
7581,1
587,3
234,3
4798,1
378,3
9973,2
4632,1
4926,1
5697,1
4905,1
1,3
6484,1
252,3
550,3
3337,1
609,3
5818,1
5658,1
6275,1
5248,1
3512,1
3373,1
7938,1
4268,1
9810,2
6099,1
3351,1
4249,1
3052,1
2726,0
7122,1
4028,1
8609,2
154,3
2586,0
1987,3
8178,2
7377,1
6086,1
3917,1
9643,2
1928,3
6100,1
1502,3
3317,1
4304,1
4709,1
1519,3
4949,1
206,3
9753,2
9824,2
3588,1
5322,1
7964,2
9786,2
8661,2
2612,0
1550,3
561,3
6255,1
8683,2
5459,1
6283,1
1373,3
5484,1
4629,1
2194,0
1078,3
4862,1
7100,1
8386,2
1959,3
3295,1
3874,1
3775,1
8739,2
4844,1
6057,1
3005,1
6382,1
662,3
9525,2
6520,1
5916,1
4801,1
96,3
5706,1
2812,0
1880,3
9149,2
22,3
6306,1
6316,1
3352,1
3843,1
2437,0
5319,1
3446,1
6898,1
1366,3
4296,1
778,3
8045,2
9773,2
6171,1
5210,1
999,3
9161,2
8797,2
3470,1
6707,1
5958,1
8955,2
1492,3
3024,1
3492,1
3096,1
7741,1
4643,1
9580,2
5338,1
6329,1
9436,2
7472,1
4865,1
1432,3
3847,1
2947,0
9652,2
8786,2
5944,1
7924,1
2316,0
8319,2
9165,2
6451,1
9452,2
8937,2
5289,1
4064,1
3456,1
9825,2
7156,1
6281,1
5540,1
7081,1
8605,2
7013,1
9693,2
5894,1
7101,1
4325,1
6779,1
4202,1
9604,2
8152,2
874,3
9709,2
7131,1
6809,1
2407,0
6377,1
93,3
4970,1
783,3
2558,0
6970,1
2879,0
5478,1
3654,1
5115,1
1752,3
7450,1
74,3
1163,3
7727,1
1822,3
9160,2
5349,1
2640,0
3184,1
5433,1
8938,2
1687,3
2205,0
8602,2
3190,1
785,3
7313,1
7198,1
1481,3
9678,2
2637,0
1057,3
5797,1
9142,2
8999,2
8299,2
388,3
4647,1
6114,1
640,3
1984,3
4520,1
2499,0
3732,1
2761,0
6706,1
7007,1
823,3
4506,1
8222,2
3055,1
2351,0
4090,1
4895,1
5623,1
552,3
3058,1
2033,3
8547,2
212,3
6023,1
9762,2
6311,1
116,3
5832,1
7440,1
3597,1
4698,1
9152,2
4810,1
580,3
6404,1
6349,1
2263,0
4072,1
9508,2
4381,1
7679,1
263,3
2573,0
3586,1
847,3
1146,3
2287,0
4788,1
2092,3
8850,2
3776,1
4537,1
6235,1
9871,2
8582,2
7848,1
1512,3
17,3
8637,2
8427,2
9078,2
5535,1
1349,3
5749,1
4712,1
2250,0
2010,3
7546,1
970,3
365,3
2871,0
5321,1
5106,1
2767,0
422,3
5367,1
3152,1
647,3
9758,2
1866,3
2025,3
667,3
4679,1
2632,0
2728,0
2587,0
6911,1
4927,1
4403,1
3046,1
3,3
794,3
6212,1
608,3
9847,2
5910,1
1750,3
7767,1
5637,1
9176,2
7092,1
1855,3
9703,2
4171,1
4359,1
7585,1
5920,1
2852,0
9137,2
2325,0
321,3
7628,1
956,3
15,3
2308,0
6903,1
6673,1
3246,1
4899,1
9401,2
4143,1
5790,1
8293,2
1717,3
7225,1
6547,1
3341,1
5820,1
4088,1
8630,2
8125,2
6986,1
9550,2
5169,1
102,3
9268,2
2068,3
2075,3
6474,1
7503,1
9597,2
3031,1
3684,1
7793,1
4394,1
9612,2
600,3
3333,1
3145,1
8409,2
1068,3
9873,2
4030,1
7267,1
4488,1
7148,1
4804,1
1725,3
6227,1
9397,2
7351,1
8366,2
6924,1
1940,3
1018,3
1004,3
7235,1
1897,3
9815,2
9305,2
7970,2
9617,2
2561,0
449,3
3276,1
1088,3
6506,1
3894,1
7015,1
2281,0
5357,1
4029,1
996,3
7560,1
3261,1
451,3
3612,1
1594,3
468,3
1672,3
9705,2
8079,2
7528,1
6460,1
2379,0
7594,1
5704,1
4462,1
4442,1
379,3
3393,1
5143,1
1051,3
5236,1
9674,2
5826,1
8681,2
576,3
7701,1
9881,2
5453,1
2591,0
6966,1
1167,3
3447,1
8199,2
6047,1
8600,2
5613,1
8867,2
8659,2
7602,1
249,3
3781,1
6676,1
7578,1
2623,0
7239,1
4302,1
6538,1
1449,3
4812,1
7894,1
9067,2
7821,1
4644,1
8746,2
1427,3
9499,2
8333,2
1956,3
3773,1
4441,1
9148,2
1985,3
9375,2
5757,1
964,3
5900,1
6653,1
1061,3
8966,2
2661,0
911,3
1740,3
4459,1
6744,1
2953,1
789,3
7865,1
5552,1
9625,2
6018,1
9216,2
5679,1
1213,3
4785,1
2361,0
1842,3
8064,2
3253,1
3555,1
171,3
4193,1
7668,1
2938,0
6953,1
1383,3
7277,1
6541,1
3198,1
7515,1
3778,1
2780,0
5566,1
9808,2
7542,1
7478,1
6058,1
9811,2
7932,1
5531,1
4522,1
9238,2
71,3
9343,2
1387,3
8564,2
7634,1
9124,2
1456,3
4627,1
2345,0
6576,1
8749,2
4776,1
3573,1
1493,3
8212,2
2936,0
7802,1
4021,1
18,3
1277,3
522,3
3510,1
7052,1
1612,3
6276,1
6129,1
6594,1
5202,1
3003,1
2389,0
1553,3
6962,1
3609,1
2601,0
2082,3
9477,2
9157,2
7310,1
1485,3
2336,0
9518,2
500,3
7062,1
1821,3
9313,2
9845,2
1426,3
8694,2
3080,1
5209,1
729,3
1388,3
7696,1
869,3
9106,2
5643,1
5263,1
9747,2
211,3
3498,1
9544,2
8449,2
8693,2
2738,0
4476,1
1144,3
8964,2
2997,1
490,3
3714,1
9795,2
7412,1
6434,1
1122,3
6713,1
5557,1
4803,1
3517,1
9939,2
1315,3
7109,1
925,3
1164,3
6635,1
457,3
1413,3
7555,1
9915,2
342,3
6482,1
7358,1
2146,3
4213,1
3721,1
1619,3
1174,3
7698,1
7708,1
1912,3
6738,1
7085,1
6600,1
3566,1
5463,1
4911,1
6772,1
7338,1
9890,2
3633,1
4408,1
3496,1
4112,1
4208,1
4525,1
4968,1
4824,1
4811,1
6125,1
6637,1
3215,1
2530,0
7906,1
4641,1
3191,1
798,3
7789,1
420,3
6882,1
172,3
5850,1
381,3
47,3
7215,1
2517,0
8025,2
362,3
3306,1
481,3
7383,1
6307,1
6445,1
700,3
1313,3
542,3
7379,1
2683,0
6519,1
5422,1
3350,1
4941,1
32,3
6782,1
4498,1
943,3
8233,2
6370,1
3987,1
6045,1
9863,2
8658,2
6106,1
5256,1
4023,1
509,3
4516,1
3036,1
1055,3
4931,1
1272,3
2539,0
4806,1
4155,1
618,3
2762,0
1965,3
514,3
1160,3
2838,0
2266,0
8513,2
9348,2
12,3
9279,2
1066,3
939,3
5327,1
1989,3
4695,1
9618,2
4252,1
1458,3
4475,1
5603,1
5668,1
9488,2
5567,1
300,3
8961,2
5988,1
3382,1
6452,1
4341,1
6261,1
1503,3
8848,2
9105,2
1882,3
3159,1
4952,1
2988,1
1498,3
6169,1
8148,2
5109,1
6640,1
4749,1
148,3
674,3
506,3
7922,1
9784,2
9547,2
3926,1
2031,3
6134,1
842,3
4727,1
6854,1
2675,0
9828,2
5103,1
6080,1
3188,1
3546,1
972,3
1232,3
6655,1
5964,1
7641,1
8379,2
3227,1
4676,1
7375,1
6149,1
3021,1
830,3
5114,1
6094,1
6835,1
934,3
7255,1
6734,1
9433,2
1930,3
9717,2
357,3
7032,1
162,3
1169,3
4853,1
624,3
3617,1
284,3
68,3
5220,1
2121,3
5316,1
1753,3
4330,1
7539,1
749,3
59,3
7768,1
3900,1
233,3
5579,1
2265,0
9486,2
9010,2
7506,1
5974,1
6102,1
8959,2
9567,2
5067,1
1640,3
4126,1
610,3
1889,3
4575,1
3210,1
8510,2
9928,2
1239,3
7531,1
254,3
7827,1
3533,1
2045,3
4713,1
3497,1
4936,1
3377,1
1515,3
4223,1
9481,2
8566,2
2159,0
5451,1
9453,2
8579,2
2409,0
7852,1
461,3
383,3
7390,1
3634,1
7207,1
7880,1
7648,1
1393,3
7748,1
3426,1
69,3
2867,0
8492,2
3562,1
1715,3
5596,1
8507,2
4505,1
3229,1
2727,0
8879,2
6874,1
4710,1
1059,3
1132,3
6808,1
6338,1
8891,2
5723,1
6180,1
3649,1
8144,2
5013,1
566,3
2676,0
5779,1
4545,1
7787,1
3866,1
1810,3
734,3
7513,1
3429,1
502,3
4020,1
7480,1
9080,2
105,3
4868,1
1026,3
6950,1
5456,1
4732,1
6266,1
8055,2
8756,2
8615,2
7662,1
1748,3
7345,1
7590,1
2022,3
2925,0
4424,1
6719,1
4969,1
4285,1
6776,1
6174,1
9247,2
251,3
5934,1
9349,2
9024,2
3792,1
2622,0
4997,1
229,3
9415,2
9687,2
7552,1
5384,1
7984,2
1766,3
1448,3
7244,1
2348,0
4900,1
9064,2
7770,1
1443,3
3701,1
4385,1
6024,1
5151,1
3974,1
1130,3
1818,3
5129,1
6066,1
139,3
9669,2
2107,3
5462,1
6861,1
5709,1
3663,1
832,3
2329,0
9715,2
5188,1
9234,2
5741,1
3666,1
9523,2
9073,2
123,3
2303,0
3354,1
6477,1
8092,2
2532,0
4225,1
9862,2
532,3
4654,1
8074,2
4716,1
6310,1
4585,1
7570,1
5040,1
4050,1
477,3
6830,1
8986,2
4841,1
276,3
41,3
2133,3
2280,0
2388,0
712,3
8581,2
8775,2
3168,1
9328,2
6050,1
1070,3
692,3
7999,2
5524,1
3716,1
1464,3
3329,1
6585,1
4640,1
3755,1
236,3
8770,2
9803,2
9719,2
4406,1
4395,1
9008,2
8407,2
5002,1
5405,1
6376,1
5396,1
952,3
8318,2
3136,1
5141,1
7490,1
1071,3
2249,0
7508,1
8811,2
8004,2
7373,1
1874,3
1954,3
202,3
1831,3
3056,1
840,3
6699,1
4781,1
723,3
6051,1
7233,1
7441,1
642,3
5760,1
4192,1
8035,2
6085,1
3108,1
1090,3
4009,1
6055,1
4618,1
9889,2
6847,1
4137,1
9418,2
1014,3
5205,1
3501,1
7482,1
7161,1
6581,1
9437,2
6277,1
8623,2
2199,0
3832,1
4293,1
3519,1
1547,3
2129,3
7132,1
8424,2
9748,2
149,3
6040,1
6213,1
3632,1
1118,3
7672,1
8731,2
4129,1
9951,2
8491,2
9026,2
2387,0
6960,1
4494,1
3509,1
3067,1
776,3
7305,1
3196,1
5687,1
685,3
8881,2
8935,2
2035,3
1139,3
5921,1
7831,1
5022,1
7517,1
9444,2
8349,2
9960,2
8542,2
2008,3
8939,2
8186,2
151,3
2548,0
2248,0
1523,3
1237,3
9840,2
3402,1
6246,1
3650,1
2406,0
3173,1
9744,2
3731,1
2060,3
7079,1
878,3
1850,3
8924,2
4565,1
659,3
8807,2
198,3
2385,0
6834,1
4327,1
4472,1
9390,2
3668,1
8404,2
699,3
2903,0
6302,1
7900,1
1992,3
6340,1
5445,1
8098,2
6762,1
2453,0
6088,1
4342,1
4711,1
5564,1
8784,2
6321,1
4289,1
8940,2
3839,1
5710,1
3536,1
7190,1
3943,1
2007,3
3891,1
8536,2
156,3
6688,1
8179,2
9457,2
6333,1
1189,3
4531,1
8002,2
7206,1
6305,1
7968,2
626,3
2594,0
7752,1
9263,2
6373,1
9158,2
7760,1
3925,1
5033,1
2016,3
2494,0
5528,1
5170,1
4715,1
2823,0
7583,1
348,3
6957,1
8678,2
3116,1
87,3
5377,1
7677,1
9304,2
2788,0
8672,2
6936,1
8207,2
5905,1
8855,2
3972,1
5792,1
888,3
5333,1
1637,3
2656,0
8124,2
184,3
6533,1
5726,1
4174,1
930,3
4938,1
8660,2
1005,3
8029,2
2774,0
8781,2
3167,1
779,3
7060,1
8984,2
7989,2
5913,1
558,3
602,3
6012,1
7898,1
951,3
8744,2
2137,3
1210,3
7841,1
8418,2
5119,1
1468,3
2582,0
1977,3
2818,0
7393,1
2980,1
4461,1
417,3
5298,1
7933,1
8890,2
1675,3
324,3
1927,3
6651,1
800,3
7761,1
5446,1
6309,1
4042,1
6002,1
2549,0
3122,1
9461,2
1194,3
1105,3
4384,1
7493,1
8335,2
742,3
2089,3
5732,1
1804,3
1437,3
6226,1
4802,1
8465,2
7876,1
7216,1
3398,1
5933,1
969,3
3407,1
4600,1
7763,1
6937,1
5610,1
8651,2
9274,2
3978,1
2015,3
7422,1
7022,1
7115,1
8655,2
3992,1
9816,2
9954,2
4159,1
8136,2
2679,0
5684,1
3785,1
9218,2
9576,2
5351,1
8102,2
4011,1
1997,3
8774,2
73,3
1887,3
915,3
5525,1
5864,1
8089,2
8368,2
4229,1
8477,2
3060,1
313,3
5203,1
3302,1
6238,1
7093,1
4400,1
423,3
6985,1
7870,1
9898,2
7294,1
3376,1
2955,1
7026,1
6117,1
1064,3
9869,2
9532,2
3018,1
161,3
3664,1
5746,1
9034,2
4975,1
8515,2
4282,1
579,3
1138,3
2725,0
8183,2
4008,1
5575,1
7008,1
1541,3
9780,2
4653,1
4396,1
8597,2
1839,3
3969,1
9686,2
8885,2
2889,0
8800,2
8920,2
6995,1
4606,1
4663,1
7957,2
5365,1
9190,2
6642,1
3788,1
7016,1
1361,3
9296,2
4085,1
1378,3
4674,1
7790,1
1019,3
278,3
2383,0
5073,1
5651,1
1328,3
1384,3
9426,2
8533,2
6136,1
9258,2
1098,3
3202,1
3710,1
6803,1
5708,1
845,3
5839,1
8403,2
3187,1
4034,1
4467,1
1524,3
9539,2
4066,1
1131,3
3439,1
6876,1
8307,2
5562,1
727,3
6369,1
5284,1
9327,2
2881,0
8652,2
7779,1
7166,1
2845,0
3051,1
4083,1
1186,3
5978,1
736,3
9016,2
2847,0
7604,1
984,3
3033,1
499,3
9509,2
4959,1
3712,1
7563,1
7158,1
9855,2
1743,3
7734,1
1724,3
7319,1
9489,2
2102,3
1636,3
8181,2
564,3
921,3
7835,1
6214,1
9386,2
8518,2
8653,2
9284,2
4025,1
5712,1
8038,2
4166,1
6526,1
9673,2
653,3
265,3
4118,1
8486,2
9297,2
8695,2
7504,1
8317,2
7114,1
3751,1
4745,1
3420,1
2230,0
8354,2
5969,1
4917,1
8720,2
7850,1
9011,2
9432,2
4556,1
8502,2
4507,1
6412,1
1986,3
2917,0
4837,1
2893,0
7359,1
1257,3
5314,1
4211,1
3825,1
8130,2
8689,2
3065,1
9362,2
9983,2
6732,1
9651,2
2123,3
9978,2
8697,2
6807,1
7902,1
7364,1
9740,2
7230,1
7607,1
6414,1
1008,3
1197,3
7630,1
9266,2
2168,0
6862,1
3383,1
877,3
2327,0
6663,1
9463,2
8182,2
2795,0
1365,3
8523,2
5967,1
3920,1
6160,1
2922,0
469,3
9376,2
4495,1
9904,2
5474,1
3524,1
6815,1
4579,1
2651,0
5529,1
1830,3
9001,2
1707,3
5222,1
3955,1
8742,2
7068,1
1278,3
9589,2
3124,1
5571,1
2395,0
9797,2
1591,3
4691,1
8313,2
9976,2
2074,3
1251,3
3367,1
7413,1
7824,1
6315,1
8324,2
1340,3
5598,1
7047,1
1583,3
7878,1
6562,1
9200,2
1577,3
4033,1
8058,2
2044,3
8593,2
7611,1
8425,2
3304,1
8059,2
2038,3
5772,1
2464,0
2809,0
6008,1
4356,1
9123,2
3047,1
759,3
1651,3
971,3
9927,2
5487,1
1727,3
1279,3
6337,1
2639,0
290,3
4189,1
9231,2
7302,1
4675,1
5666,1
2484,0
4534,1
1593,3
6817,1
6029,1
5780,1
7834,1
3820,1
9074,2
3681,1
6164,1
4281,1
7829,1
2848,0
2296,0
2435,0
2581,0
7139,1
1901,3
6583,1
592,3
928,3
6920,1
8428,2
4324,1
4903,1
8326,2
9210,2
1745,3
9694,2
1560,3
8328,2
6616,1
7836,1
7591,1
3529,1
9952,2
1693,3
5194,1
3250,1
9585,2
5325,1
7556,1
6151,1
1542,3
1027,3
9864,2
38,3
7818,1
567,3
7943,1
9783,2
6766,1
5048,1
3185,1
460,3
3451,1
8351,2
5429,1
6456,1
64,3
7142,1
3811,1
7580,1
6863,1
140,3
8979,2
3368,1
248,3
4176,1
84,3
2877,0
483,3
7384,1
1225,3
8421,2
6752,1
9595,2
7963,2
6729,1
8475,2
3445,1
419,3
4103,1
572,3
3022,1
1910,3
7123,1
6423,1
7772,1
9768,2
686,3
6439,1
9156,2
5536,1
275,3
3854,1
7669,1
7572,1
8727,2
3577,1
4919,1
829,3
2352,0
273,3
9531,2
4880,1
5166,1
6723,1
2528,0
8348,2
4432,1
7640,1
6517,1
8283,2
5966,1
9628,2
691,3
3120,1
6013,1
6768,1
6532,1
1065,3
5036,1
4373,1
8185,2
4357,1
7636,1
636,3
9229,2
6201,1
1779,3
6041,1
853,3
1531,3
7877,1
4361,1
1296,3
3388,1
1220,3
1736,3
1253,3
2454,0
2429,0
8577,2
7192,1
7596,1
6200,1
719,3
9921,2
1505,3
7184,1
7102,1
9994,2
8295,2
4954,1
8717,2
7293,1
646,3
7273,1
3239,1
1603,3
0,3
5116,1
8780,2
4885,1
4352,1
4386,1
8054,2
6810,1
1317,3
3868,1
9745,2
8284,2
7357,1
2706,0
142,3
6243,1
99,3
5134,1
9186,2
8692,2
4612,1
3238,1
8594,2
7978,2
3806,1
8198,2
6577,1
1032,3
4321,1
2523,0
1085,3
320,3
7223,1
1946,3
5152,1
5758,1
2384,0
1974,3
8314,2
7846,1
9096,2
4180,1
9584,2
4772,1
7097,1
9788,2
5984,1
11,3
1172,3
4701,1
8204,2
8159,2
8718,2
1691,3
6350,1
8362,2
1193,3
718,3
6505,1
2902,0
5833,1
6921,1
5523,1
3412,1
7367,1
5477,1
4239,1
8113,2
2690,0
4986,1
9402,2
6070,1
3933,1
2833,0
6550,1
5721,1
6293,1
5714,1
7617,1
2475,0
2311,0
6748,1
8052,2
2496,0
5786,1
5142,1
4471,1
4634,1
7336,1
9259,2
4668,1
6703,1
6264,1
3072,1
6344,1
6239,1
5669,1
6091,1
6145,1
3486,1
634,3
4554,1
2237,0
5951,1
9551,2
9398,2
8699,2
666,3
7458,1
1731,3
7786,1
4687,1
2349,0
3997,1
1390,3
747,3
9314,2
4080,1
6685,1
9025,2
5769,1
2184,0
2079,3
367,3
5092,1
2843,0
2870,0
5443,1
2584,0
3028,1
8951,2
2114,3
2096,3
1219,3
3795,1
4101,1
2161,0
9347,2
4819,1
905,3
8732,2
5953,1
3105,1
6671,1
3559,1
9772,2
9345,2
6127,1
3129,1
9323,2
693,3
1529,3
3896,1
1072,3
7420,1
4912,1
3316,1
2974,1
421,3
3177,1
2740,0
4971,1
8512,2
3526,1
393,3
8829,2
45,3
1516,3
5430,1
6398,1
9094,2
6351,1
5335,1
2672,0
9844,2
3690,1
4133,1
7492,1
3006,1
3516,1
1199,3
8753,2
60,3
7202,1
9116,2
6662,1
5584,1
7217,1
8161,2
2434,0
4553,1
3556,1
7804,1
2626,0
813,3
7090,1
1631,3
9020,2
268,3
9075,2
6963,1
2708,0
2160,0
854,3
7871,1
6253,1
8149,2
4957,1
2630,0
3648,1
1439,3
253,3
6419,1
9114,2
8497,2
1721,3
1511,3
6478,1
8712,2
3474,1
7724,1
2796,0
8489,2
7721,1
8650,2
175,3
696,3
6003,1
297,3
6071,1
5883,1
8902,2
9264,2
1546,3
3472,1
316,3
3019,1
4920,1
274,3
1063,3
1261,3
9169,2
7811,1
5902,1
9592,2
6621,1
6537,1
6396,1
7401,1
9695,2
7958,2
8019,2
1024,3
6207,1
2643,0
1424,3
1247,3
1104,3
9948,2
7678,1
5778,1
6101,1
1621,3
4313,1
5853,1
6224,1
111,3
6828,1
6343,1
282,3
3074,1
919,3
4212,1
2876,0
4094,1
3756,1
5300,1
4383,1
9698,2
7797,1
6521,1
1763,3
3970,1
5677,1
5400,1
2376,0
1686,3
954,3
3417,1
6064,1
6384,1
55,3
8953,2
3218,1
2554,0
8042,2
8258,2
9146,2
9242,2
3009,1
1266,3
2203,0
2580,0
5208,1
2915,0
3293,1
2485,0
5688,1
4404,1
8631,2
497,3
6978,1
6409,1
1819,3
1202,3
2032,3
95,3
92,3
846,3
9256,2
6691,1
9036,2
4168,1
8567,2
8936,2
3502,1
2944,0
9608,2
3384,1
6209,1
1568,3
9891,2
9230,2
6875,1
4791,1
9661,2
5733,1
8886,2
8393,2
6855,1
4370,1
5064,1
5044,1
3141,1
803,3
9032,2
8546,2
9967,2
5805,1
6571,1
1007,3
6891,1
918,3
4247,1
4314,1
173,3
2654,0
5413,1
2729,0
7994,2
5046,1
5481,1
7851,1
7823,1
6007,1
9822,2
4382,1
5293,1
5860,1
4728,1
7457,1
963,3
593,3
8887,2
7274,1
1488,3
5133,1
7550,1
7453,1
4542,1
4186,1
8444,2
1808,3
4818,1
7514,1
7621,1
2370,0
1120,3
4399,1
1854,3
549,3
3059,1
8303,2
2577,0
7750,1
3281,1
4890,1
3569,1
2666,0
8769,2
2989,1
9227,2
5437,1
3527,1
5553,1
3484,1
8759,2
1964,3
4725,1
7832,1
3544,1
3241,1
9072,2
5467,1
1117,3
7974,2
8648,2
3233,1
3971,1
3242,1
3568,1
3570,1
6319,1
9755,2
4638,1
6146,1
9782,2
2067,3
5923,1
3749,1
6143,1
7687,1
6511,1
2382,0
7740,1
7520,1
3677,1
9702,2
2218,0
5490,1
3702,1
34,3
6682,1
8743,2
3693,1
2076,3
7010,1
7185,1
6599,1
1263,3
6497,1
5038,1
4123,1
3274,1
4816,1
358,3
886,3
2334,0
4254,1
1320,3
5773,1
6990,1
591,3
3313,1
7,3
8338,2
2332,0
8277,2
2315,0
1598,3
4593,1
922,3
2734,0
1489,3
4068,1
4430,1
1185,3
4515,1
3397,1
7188,1
5257,1
574,3
4248,1
5681,1
740,3
5713,1
3912,1
4334,1
318,3
9813,2
8562,2
8304,2
9382,2
9982,2
1412,3
4026,1
4339,1
4690,1
9193,2
7347,1
3226,1
7553,1
4119,1
6504,1
9572,2
4000,1
9309,2
5385,1
4651,1
2563,0
7774,1
166,3
5088,1
3669,1
1564,3
9688,2
6374,1
5532,1
8083,2
5452,1
3160,1
6183,1
1044,3
5228,1
4937,1
9092,2
8934,2
6161,1
3623,1
3037,1
5948,1
4558,1
1991,3
4362,1
8690,2
3140,1
9120,2
1404,3
9641,2
3339,1
4761,1
6843,1
9250,2
6480,1
2487,0
8260,2
594,3
4344,1
7862,1
6355,1
6425,1
2949,0
1342,3
9609,2
4758,1
2051,3
3958,1
3913,1
8360,2
8101,2
6885,1
5488,1
1190,3
5035,1
6636,1
1642,3
2941,0
6858,1
8621,2
7769,1
341,3
8588,2
5514,1
7959,2
6850,1
967,3
7512,1
8922,2
5391,1
9552,2
1569,3
1460,3
3178,1
894,3
9281,2
1049,3
9534,2
5311,1
8998,2
9621,2
6416,1
2760,0
7369,1
2660,0
2609,0
649,3
3359,1
6940,1
1394,3
1400,3
9071,2
7087,1
7301,1
1322,3
4367,1
3563,1
7076,1
7129,1
3914,1
3466,1
1016,3
1168,3
5269,1
9003,2
4595,1
5702,1
8015,2
9645,2
7001,1
9829,2
4551,1
6131,1
7697,1
5215,1
120,3
6819,1
6825,1
9369,2
5309,1
537,3
8817,2
2251,0
3452,1
1873,3
2524,0
2658,0
9235,2
3180,1
7684,1
3458,1
7459,1
2099,3
3371,1
8671,2
9578,2
5813,1
4561,1
2686,0
1447,3
8573,2
6464,1
1246,3
6992,1
8174,2
2165,0
2992,1
3164,1
7992,2
702,3
3221,1
6945,1
9028,2
6624,1
7228,1
3298,1
4435,1
9194,2
9051,2
7498,1
2276,0
2415,0
875,3
8664,2
5580,1
9966,2
5639,1
9224,2
2968,1
1136,3
4535,1
5777,1
6839,1
1869,3
6251,1
5857,1
1101,3
8481,2
9324,2
9901,2
7043,1
2781,0
790,3
1419,3
411,3
6626,1
8772,2
89,3
3212,1
2299,0
7873,1
6140,1
398,3
4658,1
37,3
2125,3
9739,2
2966,1
6148,1
7243,1
9918,2
4670,1
286,3
8131,2
3679,1
968,3
5149,1
5788,1
770,3
1092,3
8686,2
841,3
1280,3
1641,3
1510,3
4485,1
4322,1
9498,2
879,3
5121,1
2093,3
7181,1
2982,1
2703,0
9128,2
9522,2
8160,2
9854,2
797,3
5503,1
36,3
1461,3
7059,1
6426,1
7169,1
4243,1
5439,1
1544,3
1838,3
4422,1
3532,1
4570,1
340,3
8610,2
1932,3
4650,1
7632,1
3332,1
4884,1
9089,2
1017,3
2750,0
6446,1
8761,2
8013,2
8158,2
8302,2
5698,1
6204,1
902,3
7034,1
9319,2
2655,0
2891,0
7354,1
400,3
143,3
6515,1
2853,0
4569,1
801,3
7214,1
5343,1
2511,0
1093,3
6822,1
4496,1
2147,3
2705,0
4973,1
6814,1
3172,1
8176,2
1976,3
6185,1
750,3
7608,1
8580,2
3994,1
2605,0
9299,2
1881,3
410,3
4665,1
6507,1
5865,1
6166,1
1165,3
5097,1
2503,0
6735,1
8459,2
959,3
3901,1
3851,1
2324,0
3990,1
7326,1
1305,3
2195,0
9836,2
6466,1
2270,0
5182,1
2792,0
5231,1
1913,3
8372,2
7464,1
5618,1
3982,1
4879,1
6353,1
6595,1
8488,2
6443,1
2116,3
8390,2
4308,1
3331,1
7209,1
1555,3
462,3
6767,1
8000,2
5975,1
3744,1
7985,2
1217,3
5956,1
6363,1
1235,3
3237,1
7199,1
1863,3
9173,2
3515,1
9405,2
1885,3
79,3
3848,1
3170,1
7105,1
3800,1
3244,1
